,start_location_lat,start_location_long,created_date,period,time_of_day
8719,30.27497,-97.7155,2016-07-04 00:01:34,0,0 days 00:01:34.000000000
8720,30.265212,-97.735755,2016-07-04 00:03:55,0,0 days 00:03:55.000000000
8721,30.317432,-97.746665,2016-07-04 00:04:03,0,0 days 00:04:03.000000000
8722,30.326067,-97.747404,2016-07-04 00:06:40,0,0 days 00:06:40.000000000
8723,30.25669,-97.739778,2016-07-04 00:07:34,0,0 days 00:07:34.000000000
8724,30.347876,-97.753814,2016-07-04 00:07:39,0,0 days 00:07:39.000000000
8725,30.246479,-97.756793,2016-07-04 00:08:39,0,0 days 00:08:39.000000000
8726,30.257252,-97.725458,2016-07-04 00:10:44,0,0 days 00:10:44.000000000
8727,30.235276,-97.71486,2016-07-04 00:12:32,0,0 days 00:12:32.000000000
8728,30.269168,-97.74239,2016-07-04 00:13:25,0,0 days 00:13:25.000000000
8729,30.250297,-97.749249,2016-07-04 00:13:38,0,0 days 00:13:38.000000000
8730,30.245436,-97.768961,2016-07-04 00:20:13,0,0 days 00:20:13.000000000
8731,30.272472,-97.760178,2016-07-04 00:21:27,0,0 days 00:21:27.000000000
8732,30.269227,-97.751645,2016-07-04 00:21:41,0,0 days 00:21:41.000000000
8733,30.289478,-97.747443,2016-07-04 00:21:43,0,0 days 00:21:43.000000000
8734,30.297089,-97.783773,2016-07-04 00:24:44,0,0 days 00:24:44.000000000
8735,30.253535,-97.737454,2016-07-04 00:26:12,0,0 days 00:26:12.000000000
8736,30.286651,-97.760672,2016-07-04 00:26:19,0,0 days 00:26:19.000000000
8737,30.279201,-97.759327,2016-07-04 00:26:52,0,0 days 00:26:52.000000000
8738,30.260489,-97.74667,2016-07-04 00:27:27,0,0 days 00:27:27.000000000
8739,30.29203,-97.726904,2016-07-04 00:28:52,0,0 days 00:28:52.000000000
8740,30.233164,-97.780663,2016-07-04 00:30:58,0,0 days 00:30:58.000000000
8741,30.230663,-97.714138,2016-07-04 00:32:09,1,0 days 00:32:09.000000000
8742,30.288202,-97.74332,2016-07-04 00:38:16,1,0 days 00:38:16.000000000
8743,30.291536,-97.723597,2016-07-04 00:40:09,1,0 days 00:40:09.000000000
8744,30.325636,-97.749611,2016-07-04 00:41:01,1,0 days 00:41:01.000000000
8745,30.264692,-97.741521,2016-07-04 00:41:34,1,0 days 00:41:34.000000000
8746,30.27884,-97.769826,2016-07-04 00:45:06,1,0 days 00:45:06.000000000
8747,30.228859,-97.766796,2016-07-04 00:45:14,1,0 days 00:45:14.000000000
8749,30.257131,-97.759994,2016-07-04 00:45:38,1,0 days 00:45:38.000000000
8750,30.278862,-97.769951,2016-07-04 00:45:39,1,0 days 00:45:39.000000000
8751,30.254184,-97.748026,2016-07-04 00:47:24,1,0 days 00:47:24.000000000
8752,30.240598,-97.752086,2016-07-04 00:48:56,1,0 days 00:48:56.000000000
8753,30.288213,-97.743341,2016-07-04 00:48:58,1,0 days 00:48:58.000000000
8754,30.287561,-97.746343,2016-07-04 00:49:43,1,0 days 00:49:43.000000000
8755,30.287561,-97.746343,2016-07-04 00:50:31,1,0 days 00:50:31.000000000
8756,30.265452,-97.737908,2016-07-04 00:50:39,1,0 days 00:50:39.000000000
8757,30.257334,-97.75597,2016-07-04 00:51:32,1,0 days 00:51:32.000000000
8758,30.308789,-97.699331,2016-07-04 00:51:38,1,0 days 00:51:38.000000000
8759,30.272657,-97.757076,2016-07-04 00:55:05,1,0 days 00:55:05.000000000
8760,30.25196,-97.74794,2016-07-04 00:55:28,1,0 days 00:55:28.000000000
8761,30.287975,-97.743145,2016-07-04 00:58:07,1,0 days 00:58:07.000000000
8762,30.262047,-97.742401,2016-07-04 00:58:35,1,0 days 00:58:35.000000000
8763,30.272951,-97.757294,2016-07-04 01:01:33,2,0 days 01:01:33.000000000
8764,30.244666,-97.742134,2016-07-04 01:02:57,2,0 days 01:02:57.000000000
8765,30.267117,-97.744222,2016-07-04 01:03:35,2,0 days 01:03:35.000000000
8766,30.254147,-97.747667,2016-07-04 01:03:39,2,0 days 01:03:39.000000000
8767,30.262104,-97.74235,2016-07-04 01:04:48,2,0 days 01:04:48.000000000
8768,30.245177,-97.768695,2016-07-04 01:06:34,2,0 days 01:06:34.000000000
8769,30.336701,-97.720213,2016-07-04 01:07:57,2,0 days 01:07:57.000000000
8770,30.336804,-97.720154,2016-07-04 01:08:48,2,0 days 01:08:48.000000000
8771,30.263574,-97.738141,2016-07-04 01:09:40,2,0 days 01:09:40.000000000
8772,30.273812,-97.730444,2016-07-04 01:09:48,2,0 days 01:09:48.000000000
8773,30.268529,-97.788787,2016-07-04 01:13:35,2,0 days 01:13:35.000000000
8774,30.263666,-97.727448,2016-07-04 01:17:11,2,0 days 01:17:11.000000000
8775,30.242765,-97.780542,2016-07-04 01:20:49,2,0 days 01:20:49.000000000
8776,30.256175,-97.791278,2016-07-04 01:22:26,2,0 days 01:22:26.000000000
8777,30.260032,-97.737821,2016-07-04 01:22:54,2,0 days 01:22:54.000000000
8778,30.261049,-97.766465,2016-07-04 01:23:08,2,0 days 01:23:08.000000000
8779,30.255851,-97.739573,2016-07-04 01:24:32,2,0 days 01:24:32.000000000
8780,30.253389,-97.731788,2016-07-04 01:28:11,2,0 days 01:28:11.000000000
8781,30.314588,-97.736128,2016-07-04 01:28:31,2,0 days 01:28:31.000000000
8782,30.26643,-97.740337,2016-07-04 01:28:59,2,0 days 01:28:59.000000000
8783,30.290311,-97.760115,2016-07-04 01:32:17,3,0 days 01:32:17.000000000
8784,30.280587,-97.75848,2016-07-04 01:33:03,3,0 days 01:33:03.000000000
8785,30.260492,-97.78608,2016-07-04 01:35:19,3,0 days 01:35:19.000000000
8786,30.260209,-97.738295,2016-07-04 01:35:35,3,0 days 01:35:35.000000000
8787,30.268982,-97.740335,2016-07-04 01:36:34,3,0 days 01:36:34.000000000
8788,30.355681,-97.738062,2016-07-04 01:40:17,3,0 days 01:40:17.000000000
8789,30.254672,-97.762051,2016-07-04 01:40:41,3,0 days 01:40:41.000000000
8790,30.273054,-97.729363,2016-07-04 01:42:20,3,0 days 01:42:20.000000000
8791,30.261785,-97.769717,2016-07-04 01:43:13,3,0 days 01:43:13.000000000
8792,30.229211,-97.767382,2016-07-04 01:44:40,3,0 days 01:44:40.000000000
8793,30.282586,-97.707999,2016-07-04 01:45:55,3,0 days 01:45:55.000000000
8795,30.345033,-97.772168,2016-07-04 01:47:24,3,0 days 01:47:24.000000000
8796,30.264314,-97.764104,2016-07-04 01:47:44,3,0 days 01:47:44.000000000
8797,30.275665,-97.762676,2016-07-04 01:47:49,3,0 days 01:47:49.000000000
8798,30.294978,-97.783839,2016-07-04 01:48:34,3,0 days 01:48:34.000000000
8799,30.254147,-97.747667,2016-07-04 01:49:15,3,0 days 01:49:15.000000000
8800,30.260311,-97.738037,2016-07-04 01:51:44,3,0 days 01:51:44.000000000
8801,30.321872,-97.724034,2016-07-04 01:53:50,3,0 days 01:53:50.000000000
8802,30.24671,-97.760936,2016-07-04 01:56:20,3,0 days 01:56:20.000000000
8803,30.19296,-97.774361,2016-07-04 01:56:38,3,0 days 01:56:38.000000000
8804,30.258961,-97.795012,2016-07-04 01:56:43,3,0 days 01:56:43.000000000
8805,30.261623,-97.725827,2016-07-04 01:57:11,3,0 days 01:57:11.000000000
8806,30.217854,-97.733537,2016-07-04 01:59:30,3,0 days 01:59:30.000000000
8807,30.265457,-97.736901,2016-07-04 01:59:34,3,0 days 01:59:34.000000000
8808,30.334049,-97.780721,2016-07-04 02:04:17,4,0 days 02:04:17.000000000
8809,30.275837,-97.758085,2016-07-04 02:06:19,4,0 days 02:06:19.000000000
8810,30.315072,-97.733166,2016-07-04 02:08:47,4,0 days 02:08:47.000000000
8811,30.261158,-97.774267,2016-07-04 02:09:11,4,0 days 02:09:11.000000000
8812,30.270508,-97.734335,2016-07-04 02:10:42,4,0 days 02:10:42.000000000
8813,30.234778,-97.776932,2016-07-04 02:12:05,4,0 days 02:12:05.000000000
8814,30.258677,-97.738654,2016-07-04 02:12:25,4,0 days 02:12:25.000000000
8815,30.25586,-97.799226,2016-07-04 02:13:43,4,0 days 02:13:43.000000000
8816,30.321971,-97.710419,2016-07-04 02:13:55,4,0 days 02:13:55.000000000
8817,30.299402,-97.756463,2016-07-04 02:14:17,4,0 days 02:14:17.000000000
8819,30.231426,-97.759549,2016-07-04 02:16:02,4,0 days 02:16:02.000000000
8820,30.268828,-97.753592,2016-07-04 02:17:22,4,0 days 02:17:22.000000000
8821,30.243498,-97.727203,2016-07-04 02:17:37,4,0 days 02:17:37.000000000
8822,30.268828,-97.753592,2016-07-04 02:17:42,4,0 days 02:17:42.000000000
8823,30.282076,-97.738148,2016-07-04 02:18:11,4,0 days 02:18:11.000000000
8824,30.211282,-97.73602,2016-07-04 02:22:32,4,0 days 02:22:32.000000000
8825,30.350735,-97.775052,2016-07-04 02:22:42,4,0 days 02:22:42.000000000
8826,30.33815,-97.719043,2016-07-04 02:23:23,4,0 days 02:23:23.000000000
8827,30.392549,-97.744698,2016-07-04 02:24:03,4,0 days 02:24:03.000000000
8828,30.247052,-97.737408,2016-07-04 02:25:38,4,0 days 02:25:38.000000000
8829,30.236844,-97.783632,2016-07-04 02:25:42,4,0 days 02:25:42.000000000
8830,30.263118,-97.762325,2016-07-04 02:26:04,4,0 days 02:26:04.000000000
8831,30.258491,-97.789055,2016-07-04 02:27:32,4,0 days 02:27:32.000000000
8832,30.255936,-97.703257,2016-07-04 02:28:01,4,0 days 02:28:01.000000000
8833,30.260052,-97.739111,2016-07-04 02:28:49,4,0 days 02:28:49.000000000
8834,30.265656,-97.748781,2016-07-04 02:29:35,4,0 days 02:29:35.000000000
8835,30.254147,-97.747667,2016-07-04 02:30:25,4,0 days 02:30:25.000000000
8836,30.33825,-97.718893,2016-07-04 02:31:28,5,0 days 02:31:28.000000000
8837,30.243519,-97.752452,2016-07-04 02:32:30,5,0 days 02:32:30.000000000
8838,30.260652,-97.747058,2016-07-04 02:32:52,5,0 days 02:32:52.000000000
8839,30.355464,-97.732729,2016-07-04 02:33:24,5,0 days 02:33:24.000000000
8840,30.242832,-97.722999,2016-07-04 02:33:29,5,0 days 02:33:29.000000000
8841,30.258772,-97.738484,2016-07-04 02:34:23,5,0 days 02:34:23.000000000
8842,30.319407,-97.755025,2016-07-04 02:35:13,5,0 days 02:35:13.000000000
8843,30.266255,-97.740658,2016-07-04 02:35:30,5,0 days 02:35:30.000000000
8844,30.319407,-97.755025,2016-07-04 02:35:59,5,0 days 02:35:59.000000000
8845,30.290104,-97.743287,2016-07-04 02:36:25,5,0 days 02:36:25.000000000
8846,30.29993,-97.73183,2016-07-04 02:36:33,5,0 days 02:36:33.000000000
8847,30.239285,-97.724629,2016-07-04 02:36:48,5,0 days 02:36:48.000000000
8848,30.307821,-97.723335,2016-07-04 02:36:51,5,0 days 02:36:51.000000000
8849,30.319407,-97.755025,2016-07-04 02:36:52,5,0 days 02:36:52.000000000
8850,30.250755,-97.754292,2016-07-04 02:37:27,5,0 days 02:37:27.000000000
8851,30.260868,-97.746865,2016-07-04 02:37:44,5,0 days 02:37:44.000000000
8852,30.287941,-97.742366,2016-07-04 02:38:50,5,0 days 02:38:50.000000000
8853,30.256395,-97.723271,2016-07-04 02:38:53,5,0 days 02:38:53.000000000
8854,30.251096,-97.725676,2016-07-04 02:40:18,5,0 days 02:40:18.000000000
8855,30.256395,-97.723271,2016-07-04 02:40:41,5,0 days 02:40:41.000000000
8856,30.256395,-97.723271,2016-07-04 02:41:02,5,0 days 02:41:02.000000000
8857,30.25557,-97.745969,2016-07-04 02:42:33,5,0 days 02:42:33.000000000
8858,30.286126,-97.710448,2016-07-04 02:42:49,5,0 days 02:42:49.000000000
8859,30.257755,-97.727105,2016-07-04 02:43:41,5,0 days 02:43:41.000000000
8860,30.252983,-97.721237,2016-07-04 02:45:47,5,0 days 02:45:47.000000000
8861,30.264178,-97.746218,2016-07-04 02:46:11,5,0 days 02:46:11.000000000
8862,30.36003,-97.734849,2016-07-04 02:46:22,5,0 days 02:46:22.000000000
8863,30.264178,-97.746218,2016-07-04 02:46:39,5,0 days 02:46:39.000000000
8864,30.311452,-97.713461,2016-07-04 02:47:00,5,0 days 02:47:00.000000000
8865,30.265793,-97.747013,2016-07-04 02:47:03,5,0 days 02:47:03.000000000
8866,30.265417,-97.746448,2016-07-04 02:49:30,5,0 days 02:49:30.000000000
8867,30.241314,-97.7846,2016-07-04 02:51:35,5,0 days 02:51:35.000000000
8868,30.265495,-97.748041,2016-07-04 02:51:45,5,0 days 02:51:45.000000000
8869,30.252257,-97.74838,2016-07-04 02:52:39,5,0 days 02:52:39.000000000
8870,30.235207,-97.733583,2016-07-04 02:53:58,5,0 days 02:53:58.000000000
8871,30.264743,-97.745573,2016-07-04 02:53:58,5,0 days 02:53:58.000000000
8872,30.27012,-97.682489,2016-07-04 02:55:31,5,0 days 02:55:31.000000000
8873,30.331028,-97.739966,2016-07-04 02:56:37,5,0 days 02:56:37.000000000
8874,30.25035,-97.749123,2016-07-04 02:57:51,5,0 days 02:57:51.000000000
8875,30.231029,-97.765576,2016-07-04 02:58:55,5,0 days 02:58:55.000000000
8876,30.321901,-97.710332,2016-07-04 02:58:57,5,0 days 02:58:57.000000000
8877,30.224414,-97.73923,2016-07-04 02:59:34,5,0 days 02:59:34.000000000
8878,30.280187,-97.7699,2016-07-04 03:01:36,6,0 days 03:01:36.000000000
8879,30.362894,-97.758914,2016-07-04 03:03:03,6,0 days 03:03:03.000000000
8880,30.287752,-97.7445,2016-07-04 03:03:19,6,0 days 03:03:19.000000000
8881,30.362989,-97.758902,2016-07-04 03:03:32,6,0 days 03:03:32.000000000
8882,30.280383,-97.770056,2016-07-04 03:03:34,6,0 days 03:03:34.000000000
8883,30.328092,-97.718344,2016-07-04 03:03:45,6,0 days 03:03:45.000000000
8884,30.262435,-97.774198,2016-07-04 03:05:07,6,0 days 03:05:07.000000000
8885,30.289804,-97.771332,2016-07-04 03:05:16,6,0 days 03:05:16.000000000
8886,30.239672,-97.773634,2016-07-04 03:06:12,6,0 days 03:06:12.000000000
8887,30.262435,-97.774198,2016-07-04 03:06:19,6,0 days 03:06:19.000000000
8888,30.362989,-97.758902,2016-07-04 03:06:35,6,0 days 03:06:35.000000000
8889,30.239638,-97.773667,2016-07-04 03:07:06,6,0 days 03:07:06.000000000
8890,30.267039,-97.744471,2016-07-04 03:07:14,6,0 days 03:07:14.000000000
8891,30.267039,-97.744471,2016-07-04 03:08:03,6,0 days 03:08:03.000000000
8892,30.295078,-97.783799,2016-07-04 03:08:12,6,0 days 03:08:12.000000000
8893,30.259679,-97.747879,2016-07-04 03:08:42,6,0 days 03:08:42.000000000
8894,30.28347,-97.746369,2016-07-04 03:09:16,6,0 days 03:09:16.000000000
8895,30.295133,-97.784444,2016-07-04 03:09:37,6,0 days 03:09:37.000000000
8896,30.356744,-97.73118,2016-07-04 03:11:33,6,0 days 03:11:33.000000000
8897,30.239775,-97.773843,2016-07-04 03:12:08,6,0 days 03:12:08.000000000
8898,30.341228,-97.738555,2016-07-04 03:13:26,6,0 days 03:13:26.000000000
8899,30.329659,-97.739024,2016-07-04 03:13:58,6,0 days 03:13:58.000000000
8900,30.362989,-97.758902,2016-07-04 03:17:06,6,0 days 03:17:06.000000000
8901,30.251869,-97.782276,2016-07-04 03:17:26,6,0 days 03:17:26.000000000
8902,30.362989,-97.758902,2016-07-04 03:17:34,6,0 days 03:17:34.000000000
8903,30.281184,-97.764613,2016-07-04 03:18:17,6,0 days 03:18:17.000000000
8904,30.28107,-97.764685,2016-07-04 03:18:48,6,0 days 03:18:48.000000000
8905,30.319017,-97.703592,2016-07-04 03:20:01,6,0 days 03:20:01.000000000
8906,30.28107,-97.764685,2016-07-04 03:20:19,6,0 days 03:20:19.000000000
8907,30.283766,-97.721377,2016-07-04 03:21:06,6,0 days 03:21:06.000000000
8908,30.3182,-97.704099,2016-07-04 03:21:21,6,0 days 03:21:21.000000000
8909,30.303883,-97.684569,2016-07-04 03:22:18,6,0 days 03:22:18.000000000
8910,30.300246,-97.743287,2016-07-04 03:22:30,6,0 days 03:22:30.000000000
8911,30.324156,-97.705169,2016-07-04 03:22:31,6,0 days 03:22:31.000000000
8912,30.239099,-97.767795,2016-07-04 03:22:32,6,0 days 03:22:32.000000000
8913,30.303883,-97.684569,2016-07-04 03:22:39,6,0 days 03:22:39.000000000
8914,30.300246,-97.743287,2016-07-04 03:23:17,6,0 days 03:23:17.000000000
8915,30.239099,-97.767795,2016-07-04 03:23:20,6,0 days 03:23:20.000000000
8916,30.329151,-97.739603,2016-07-04 03:23:59,6,0 days 03:23:59.000000000
8917,30.238473,-97.767568,2016-07-04 03:24:19,6,0 days 03:24:19.000000000
8918,30.281219,-97.764606,2016-07-04 03:24:31,6,0 days 03:24:31.000000000
8919,30.323828,-97.704912,2016-07-04 03:24:45,6,0 days 03:24:45.000000000
8920,30.239099,-97.767795,2016-07-04 03:25:05,6,0 days 03:25:05.000000000
8921,30.329151,-97.739603,2016-07-04 03:25:54,6,0 days 03:25:54.000000000
8922,30.32329,-97.704873,2016-07-04 03:25:59,6,0 days 03:25:59.000000000
8924,30.399169,-97.749774,2016-07-04 03:26:45,6,0 days 03:26:45.000000000
8925,30.261527,-97.719638,2016-07-04 03:26:54,6,0 days 03:26:54.000000000
8926,30.253565,-97.763487,2016-07-04 03:27:16,6,0 days 03:27:16.000000000
8927,30.341315,-97.738287,2016-07-04 03:27:41,6,0 days 03:27:41.000000000
8928,30.341315,-97.738287,2016-07-04 03:28:07,6,0 days 03:28:07.000000000
8929,30.292421,-97.722757,2016-07-04 03:28:19,6,0 days 03:28:19.000000000
8930,30.341315,-97.738287,2016-07-04 03:28:38,6,0 days 03:28:38.000000000
8931,30.341315,-97.738287,2016-07-04 03:28:56,6,0 days 03:28:56.000000000
8932,30.320252,-97.705978,2016-07-04 03:29:04,6,0 days 03:29:04.000000000
8933,30.341315,-97.738287,2016-07-04 03:29:14,6,0 days 03:29:14.000000000
8934,30.341315,-97.738287,2016-07-04 03:29:18,6,0 days 03:29:18.000000000
8935,30.341315,-97.738287,2016-07-04 03:29:44,6,0 days 03:29:44.000000000
8936,30.255881,-97.762888,2016-07-04 03:29:52,6,0 days 03:29:52.000000000
8937,30.285735,-97.744132,2016-07-04 03:30:06,6,0 days 03:30:06.000000000
8938,30.341315,-97.738287,2016-07-04 03:30:13,6,0 days 03:30:13.000000000
8939,30.341315,-97.738287,2016-07-04 03:30:28,6,0 days 03:30:28.000000000
8940,30.323353,-97.704928,2016-07-04 03:30:31,6,0 days 03:30:31.000000000
8941,30.285594,-97.743916,2016-07-04 03:30:48,6,0 days 03:30:48.000000000
8942,30.341315,-97.738287,2016-07-04 03:31:07,7,0 days 03:31:07.000000000
8943,30.341315,-97.738287,2016-07-04 03:31:53,7,0 days 03:31:53.000000000
8944,30.341315,-97.738287,2016-07-04 03:32:15,7,0 days 03:32:15.000000000
8945,30.309646,-97.71418,2016-07-04 03:32:41,7,0 days 03:32:41.000000000
8946,30.264793,-97.762914,2016-07-04 03:35:37,7,0 days 03:35:37.000000000
8947,30.341315,-97.738287,2016-07-04 03:36:09,7,0 days 03:36:09.000000000
8948,30.341315,-97.738287,2016-07-04 03:36:28,7,0 days 03:36:28.000000000
8949,30.341315,-97.738287,2016-07-04 03:36:37,7,0 days 03:36:37.000000000
8950,30.341315,-97.738287,2016-07-04 03:36:45,7,0 days 03:36:45.000000000
8951,30.29113,-97.746517,2016-07-04 03:37:22,7,0 days 03:37:22.000000000
8952,30.29113,-97.746517,2016-07-04 03:37:50,7,0 days 03:37:50.000000000
8953,30.256312,-97.78236,2016-07-04 03:38:06,7,0 days 03:38:06.000000000
8954,30.2566,-97.782678,2016-07-04 03:38:17,7,0 days 03:38:17.000000000
8955,30.341315,-97.738287,2016-07-04 03:39:00,7,0 days 03:39:00.000000000
8956,30.341315,-97.738287,2016-07-04 03:39:23,7,0 days 03:39:23.000000000
8957,30.283326,-97.769537,2016-07-04 03:39:50,7,0 days 03:39:50.000000000
8958,30.300392,-97.708048,2016-07-04 03:39:59,7,0 days 03:39:59.000000000
8959,30.284728,-97.745172,2016-07-04 03:40:05,7,0 days 03:40:05.000000000
8960,30.334886,-97.751717,2016-07-04 03:41:35,7,0 days 03:41:35.000000000
8961,30.334886,-97.751717,2016-07-04 03:41:56,7,0 days 03:41:56.000000000
8962,30.292562,-97.744571,2016-07-04 03:41:56,7,0 days 03:41:56.000000000
8963,30.245135,-97.779239,2016-07-04 03:42:03,7,0 days 03:42:03.000000000
8964,30.341315,-97.738287,2016-07-04 03:42:18,7,0 days 03:42:18.000000000
8965,30.341342,-97.738456,2016-07-04 03:42:30,7,0 days 03:42:30.000000000
8966,30.341315,-97.738287,2016-07-04 03:42:37,7,0 days 03:42:37.000000000
8967,30.341315,-97.738287,2016-07-04 03:42:40,7,0 days 03:42:40.000000000
8968,30.334886,-97.751717,2016-07-04 03:42:50,7,0 days 03:42:50.000000000
8969,30.341315,-97.738287,2016-07-04 03:42:50,7,0 days 03:42:50.000000000
8970,30.246591,-97.760976,2016-07-04 03:42:57,7,0 days 03:42:57.000000000
8971,30.341315,-97.738287,2016-07-04 03:43:16,7,0 days 03:43:16.000000000
8972,30.251051,-97.748875,2016-07-04 03:43:24,7,0 days 03:43:24.000000000
8973,30.271988,-97.752839,2016-07-04 03:43:57,7,0 days 03:43:57.000000000
8974,30.261258,-97.760918,2016-07-04 03:44:10,7,0 days 03:44:10.000000000
8975,30.278705,-97.752333,2016-07-04 03:44:32,7,0 days 03:44:32.000000000
8976,30.255507,-97.738892,2016-07-04 03:45:06,7,0 days 03:45:06.000000000
8977,30.329151,-97.739603,2016-07-04 03:45:20,7,0 days 03:45:20.000000000
8978,30.319044,-97.703529,2016-07-04 03:45:36,7,0 days 03:45:36.000000000
8979,30.329151,-97.739603,2016-07-04 03:47:20,7,0 days 03:47:20.000000000
8980,30.239673,-97.75789,2016-07-04 03:47:23,7,0 days 03:47:23.000000000
8981,30.341315,-97.738287,2016-07-04 03:48:04,7,0 days 03:48:04.000000000
8982,30.236117,-97.795786,2016-07-04 03:49:22,7,0 days 03:49:22.000000000
8983,30.226018,-97.759858,2016-07-04 03:50:03,7,0 days 03:50:03.000000000
8984,30.241438,-97.759023,2016-07-04 03:50:18,7,0 days 03:50:18.000000000
8985,30.29045,-97.746573,2016-07-04 03:50:39,7,0 days 03:50:39.000000000
8986,30.226165,-97.760049,2016-07-04 03:50:43,7,0 days 03:50:43.000000000
8987,30.29045,-97.746573,2016-07-04 03:51:07,7,0 days 03:51:07.000000000
8988,30.267227,-97.743638,2016-07-04 03:51:27,7,0 days 03:51:27.000000000
8989,30.290177,-97.74656,2016-07-04 03:51:28,7,0 days 03:51:28.000000000
8990,30.267227,-97.743638,2016-07-04 03:52:01,7,0 days 03:52:01.000000000
8991,30.290263,-97.746573,2016-07-04 03:52:36,7,0 days 03:52:36.000000000
8992,30.226764,-97.761517,2016-07-04 03:52:51,7,0 days 03:52:51.000000000
8993,30.29048,-97.746244,2016-07-04 03:53:08,7,0 days 03:53:08.000000000
8994,30.328673,-97.756946,2016-07-04 03:53:11,7,0 days 03:53:11.000000000
8995,30.290208,-97.746541,2016-07-04 03:53:13,7,0 days 03:53:13.000000000
8996,30.350598,-97.77527,2016-07-04 03:53:21,7,0 days 03:53:21.000000000
8997,30.290333,-97.746519,2016-07-04 03:53:30,7,0 days 03:53:30.000000000
8998,30.328675,-97.756938,2016-07-04 03:53:37,7,0 days 03:53:37.000000000
8999,30.226764,-97.761517,2016-07-04 03:53:38,7,0 days 03:53:38.000000000
9000,30.26479,-97.731514,2016-07-04 03:54:06,7,0 days 03:54:06.000000000
9001,30.243881,-97.730476,2016-07-04 03:54:15,7,0 days 03:54:15.000000000
9002,30.226764,-97.761517,2016-07-04 03:54:33,7,0 days 03:54:33.000000000
9003,30.25895,-97.738354,2016-07-04 03:55:54,7,0 days 03:55:54.000000000
9004,30.258966,-97.738363,2016-07-04 03:55:57,7,0 days 03:55:57.000000000
9005,30.394791,-97.74141,2016-07-04 03:56:10,7,0 days 03:56:10.000000000
9006,30.394791,-97.74141,2016-07-04 03:56:21,7,0 days 03:56:21.000000000
9007,30.226764,-97.761517,2016-07-04 03:56:46,7,0 days 03:56:46.000000000
9008,30.258935,-97.738466,2016-07-04 03:57:05,7,0 days 03:57:05.000000000
9009,30.265827,-97.704115,2016-07-04 03:57:20,7,0 days 03:57:20.000000000
9010,30.301693,-97.741007,2016-07-04 03:57:51,7,0 days 03:57:51.000000000
9011,30.225014,-97.761289,2016-07-04 03:58:08,7,0 days 03:58:08.000000000
9012,30.294693,-97.784419,2016-07-04 03:59:40,7,0 days 03:59:40.000000000
9014,30.301766,-97.741033,2016-07-04 04:02:14,8,0 days 04:02:14.000000000
9015,30.268501,-97.736258,2016-07-04 04:03:29,8,0 days 04:03:29.000000000
9016,30.2741,-97.719739,2016-07-04 04:03:48,8,0 days 04:03:48.000000000
9017,30.268501,-97.736258,2016-07-04 04:03:59,8,0 days 04:03:59.000000000
9018,30.262782,-97.725014,2016-07-04 04:04:36,8,0 days 04:04:36.000000000
9019,30.267525,-97.74395,2016-07-04 04:05:19,8,0 days 04:05:19.000000000
9020,30.264635,-97.73145,2016-07-04 04:05:40,8,0 days 04:05:40.000000000
9022,30.262435,-97.774198,2016-07-04 04:08:39,8,0 days 04:08:39.000000000
9023,30.356115,-97.754355,2016-07-04 04:09:01,8,0 days 04:09:01.000000000
9024,30.228925,-97.766725,2016-07-04 04:09:59,8,0 days 04:09:59.000000000
9026,30.269137,-97.748396,2016-07-04 04:10:08,8,0 days 04:10:08.000000000
9027,30.258791,-97.738505,2016-07-04 04:10:29,8,0 days 04:10:29.000000000
9028,30.341258,-97.73842,2016-07-04 04:11:15,8,0 days 04:11:15.000000000
9029,30.341393,-97.738422,2016-07-04 04:11:22,8,0 days 04:11:22.000000000
9030,30.324304,-97.710904,2016-07-04 04:13:14,8,0 days 04:13:14.000000000
9031,30.310482,-97.706002,2016-07-04 04:13:39,8,0 days 04:13:39.000000000
9032,30.324304,-97.710904,2016-07-04 04:13:41,8,0 days 04:13:41.000000000
9033,30.309358,-97.769876,2016-07-04 04:14:09,8,0 days 04:14:09.000000000
9034,30.273893,-97.764157,2016-07-04 04:14:16,8,0 days 04:14:16.000000000
9035,30.34125,-97.738405,2016-07-04 04:14:19,8,0 days 04:14:19.000000000
9036,30.266723,-97.741919,2016-07-04 04:14:31,8,0 days 04:14:31.000000000
9037,30.352639,-97.752416,2016-07-04 04:14:51,8,0 days 04:14:51.000000000
9038,30.26696,-97.745692,2016-07-04 04:15:22,8,0 days 04:15:22.000000000
9039,30.266731,-97.741955,2016-07-04 04:15:48,8,0 days 04:15:48.000000000
9040,30.266706,-97.74197,2016-07-04 04:16:55,8,0 days 04:16:55.000000000
9041,30.227316,-97.761008,2016-07-04 04:17:32,8,0 days 04:17:32.000000000
9042,30.26625,-97.744591,2016-07-04 04:17:58,8,0 days 04:17:58.000000000
9044,30.254186,-97.747459,2016-07-04 04:18:03,8,0 days 04:18:03.000000000
9045,30.288202,-97.74332,2016-07-04 04:18:08,8,0 days 04:18:08.000000000
9046,30.292835,-97.745209,2016-07-04 04:18:14,8,0 days 04:18:14.000000000
9047,30.227316,-97.761008,2016-07-04 04:18:38,8,0 days 04:18:38.000000000
9048,30.266153,-97.744527,2016-07-04 04:18:42,8,0 days 04:18:42.000000000
9049,30.292835,-97.745209,2016-07-04 04:18:47,8,0 days 04:18:47.000000000
9050,30.266272,-97.744551,2016-07-04 04:19:27,8,0 days 04:19:27.000000000
9051,30.226764,-97.761517,2016-07-04 04:19:30,8,0 days 04:19:30.000000000
9052,30.297637,-97.756918,2016-07-04 04:20:16,8,0 days 04:20:16.000000000
9053,30.229216,-97.760615,2016-07-04 04:20:19,8,0 days 04:20:19.000000000
9054,30.266299,-97.743322,2016-07-04 04:20:22,8,0 days 04:20:22.000000000
9055,30.292845,-97.745185,2016-07-04 04:21:06,8,0 days 04:21:06.000000000
9056,30.334868,-97.751733,2016-07-04 04:21:21,8,0 days 04:21:21.000000000
9057,30.202845,-97.666853,2016-07-04 04:21:36,8,0 days 04:21:36.000000000
9058,30.334836,-97.751687,2016-07-04 04:21:55,8,0 days 04:21:55.000000000
9059,30.296579,-97.703766,2016-07-04 04:22:16,8,0 days 04:22:16.000000000
9060,30.220945,-97.687637,2016-07-04 04:23:01,8,0 days 04:23:01.000000000
9061,30.296442,-97.703596,2016-07-04 04:23:19,8,0 days 04:23:19.000000000
9062,30.266128,-97.74397,2016-07-04 04:23:20,8,0 days 04:23:20.000000000
9063,30.296442,-97.703596,2016-07-04 04:24:32,8,0 days 04:24:32.000000000
9064,30.269689,-97.736311,2016-07-04 04:24:43,8,0 days 04:24:43.000000000
9065,30.296567,-97.703573,2016-07-04 04:25:08,8,0 days 04:25:08.000000000
9066,30.334836,-97.751687,2016-07-04 04:26:28,8,0 days 04:26:28.000000000
9067,30.287561,-97.746343,2016-07-04 04:27:23,8,0 days 04:27:23.000000000
9068,30.269464,-97.748736,2016-07-04 04:27:27,8,0 days 04:27:27.000000000
9069,30.262101,-97.713137,2016-07-04 04:28:50,8,0 days 04:28:50.000000000
9070,30.263142,-97.744048,2016-07-04 04:29:05,8,0 days 04:29:05.000000000
9071,30.334836,-97.751687,2016-07-04 04:29:06,8,0 days 04:29:06.000000000
9072,30.287561,-97.746343,2016-07-04 04:29:09,8,0 days 04:29:09.000000000
9073,30.235278,-97.7633,2016-07-04 04:29:11,8,0 days 04:29:11.000000000
9074,30.264486,-97.743234,2016-07-04 04:29:29,8,0 days 04:29:29.000000000
9075,30.334847,-97.751702,2016-07-04 04:29:30,8,0 days 04:29:30.000000000
9076,30.287561,-97.746343,2016-07-04 04:29:31,8,0 days 04:29:31.000000000
9077,30.282214,-97.761723,2016-07-04 04:29:32,8,0 days 04:29:32.000000000
9078,30.197429,-97.666306,2016-07-04 04:31:36,9,0 days 04:31:36.000000000
9079,30.286477,-97.749447,2016-07-04 04:31:38,9,0 days 04:31:38.000000000
9080,30.286477,-97.749447,2016-07-04 04:32:12,9,0 days 04:32:12.000000000
9081,30.326033,-97.704505,2016-07-04 04:33:34,9,0 days 04:33:34.000000000
9082,30.290415,-97.74846,2016-07-04 04:33:53,9,0 days 04:33:53.000000000
9083,30.290507,-97.748513,2016-07-04 04:34:27,9,0 days 04:34:27.000000000
9084,30.288354,-97.743043,2016-07-04 04:34:49,9,0 days 04:34:49.000000000
9085,30.241542,-97.733608,2016-07-04 04:34:49,9,0 days 04:34:49.000000000
9086,30.264794,-97.731717,2016-07-04 04:34:58,9,0 days 04:34:58.000000000
9087,30.290413,-97.74843,2016-07-04 04:35:12,9,0 days 04:35:12.000000000
9088,30.24152,-97.733661,2016-07-04 04:35:25,9,0 days 04:35:25.000000000
9089,30.297491,-97.733381,2016-07-04 04:35:27,9,0 days 04:35:27.000000000
9090,30.240316,-97.718059,2016-07-04 04:35:54,9,0 days 04:35:54.000000000
9091,30.296953,-97.733472,2016-07-04 04:36:32,9,0 days 04:36:32.000000000
9092,30.283183,-97.746726,2016-07-04 04:37:26,9,0 days 04:37:26.000000000
9093,30.273882,-97.764157,2016-07-04 04:37:35,9,0 days 04:37:35.000000000
9094,30.273882,-97.764157,2016-07-04 04:37:59,9,0 days 04:37:59.000000000
9096,30.269692,-97.750823,2016-07-04 04:39:58,9,0 days 04:39:58.000000000
9097,30.269689,-97.750801,2016-07-04 04:40:26,9,0 days 04:40:26.000000000
9098,30.262693,-97.725057,2016-07-04 04:40:29,9,0 days 04:40:29.000000000
9099,30.272339,-97.78659,2016-07-04 04:40:41,9,0 days 04:40:41.000000000
9100,30.243498,-97.727203,2016-07-04 04:40:58,9,0 days 04:40:58.000000000
9101,30.269669,-97.750833,2016-07-04 04:41:01,9,0 days 04:41:01.000000000
9102,30.262693,-97.725057,2016-07-04 04:41:24,9,0 days 04:41:24.000000000
9103,30.243498,-97.727203,2016-07-04 04:41:28,9,0 days 04:41:28.000000000
9104,30.26969,-97.750831,2016-07-04 04:41:51,9,0 days 04:41:51.000000000
9105,30.26969,-97.750831,2016-07-04 04:42:34,9,0 days 04:42:34.000000000
9106,30.244927,-97.753027,2016-07-04 04:42:47,9,0 days 04:42:47.000000000
9107,30.251758,-97.720662,2016-07-04 04:43:36,9,0 days 04:43:36.000000000
9108,30.281397,-97.707614,2016-07-04 04:43:37,9,0 days 04:43:37.000000000
9109,30.269911,-97.748553,2016-07-04 04:44:21,9,0 days 04:44:21.000000000
9110,30.269911,-97.748553,2016-07-04 04:44:53,9,0 days 04:44:53.000000000
9111,30.246571,-97.774307,2016-07-04 04:46:09,9,0 days 04:46:09.000000000
9112,30.290614,-97.746487,2016-07-04 04:49:51,9,0 days 04:49:51.000000000
9113,30.253234,-97.700579,2016-07-04 04:57:55,9,0 days 04:57:55.000000000
9114,30.301097,-97.752141,2016-07-04 04:58:37,9,0 days 04:58:37.000000000
9115,30.321702,-97.7199,2016-07-04 04:59:33,9,0 days 04:59:33.000000000
9116,30.261858,-97.72262,2016-07-04 05:02:24,10,0 days 05:02:24.000000000
9117,30.291136,-97.741422,2016-07-04 05:02:26,10,0 days 05:02:26.000000000
9118,30.314698,-97.685491,2016-07-04 05:02:48,10,0 days 05:02:48.000000000
9119,30.243504,-97.72669,2016-07-04 05:05:00,10,0 days 05:05:00.000000000
9120,30.238525,-97.793587,2016-07-04 05:05:50,10,0 days 05:05:50.000000000
9121,30.264233,-97.74429,2016-07-04 05:09:51,10,0 days 05:09:51.000000000
9122,30.268822,-97.748216,2016-07-04 05:10:16,10,0 days 05:10:16.000000000
9123,30.267869,-97.736331,2016-07-04 05:12:26,10,0 days 05:12:26.000000000
9124,30.266533,-97.744966,2016-07-04 05:14:56,10,0 days 05:14:56.000000000
9125,30.319108,-97.754624,2016-07-04 05:15:15,10,0 days 05:15:15.000000000
9126,30.26482,-97.731567,2016-07-04 05:17:09,10,0 days 05:17:09.000000000
9127,30.270001,-97.732094,2016-07-04 05:20:04,10,0 days 05:20:04.000000000
9128,30.263914,-97.729428,2016-07-04 05:20:18,10,0 days 05:20:18.000000000
9129,30.269518,-97.749677,2016-07-04 05:21:06,10,0 days 05:21:06.000000000
9130,30.279598,-97.681631,2016-07-04 05:24:21,10,0 days 05:24:21.000000000
9131,30.246627,-97.76105,2016-07-04 05:24:24,10,0 days 05:24:24.000000000
9132,30.306442,-97.725081,2016-07-04 05:24:37,10,0 days 05:24:37.000000000
9133,30.246627,-97.76105,2016-07-04 05:25:01,10,0 days 05:25:01.000000000
9134,30.306442,-97.725081,2016-07-04 05:25:46,10,0 days 05:25:46.000000000
9135,30.293059,-97.741706,2016-07-04 05:27:54,10,0 days 05:27:54.000000000
9136,30.270464,-97.750788,2016-07-04 05:28:37,10,0 days 05:28:37.000000000
9137,30.280885,-97.741363,2016-07-04 05:30:06,10,0 days 05:30:06.000000000
9138,30.267458,-97.744386,2016-07-04 05:31:55,11,0 days 05:31:55.000000000
9139,30.250594,-97.739007,2016-07-04 05:32:28,11,0 days 05:32:28.000000000
9140,30.256079,-97.763509,2016-07-04 05:36:04,11,0 days 05:36:04.000000000
9141,30.285121,-97.739605,2016-07-04 05:36:48,11,0 days 05:36:48.000000000
9142,30.261129,-97.73902,2016-07-04 05:36:58,11,0 days 05:36:58.000000000
9143,30.260284,-97.7384,2016-07-04 05:37:15,11,0 days 05:37:15.000000000
9144,30.269201,-97.74851,2016-07-04 05:38:13,11,0 days 05:38:13.000000000
9145,30.257872,-97.738924,2016-07-04 05:38:14,11,0 days 05:38:14.000000000
9146,30.270283,-97.748479,2016-07-04 05:39:49,11,0 days 05:39:49.000000000
9147,30.290952,-97.734655,2016-07-04 05:41:34,11,0 days 05:41:34.000000000
9148,30.270383,-97.750019,2016-07-04 05:41:35,11,0 days 05:41:35.000000000
9149,30.257028,-97.723823,2016-07-04 05:48:34,11,0 days 05:48:34.000000000
9150,30.2442,-97.763811,2016-07-04 05:49:06,11,0 days 05:49:06.000000000
9151,30.350405,-97.721056,2016-07-04 05:50:33,11,0 days 05:50:33.000000000
9152,30.270141,-97.750256,2016-07-04 05:50:56,11,0 days 05:50:56.000000000
9153,30.270383,-97.750019,2016-07-04 05:52:30,11,0 days 05:52:30.000000000
9154,30.266449,-97.745218,2016-07-04 05:53:12,11,0 days 05:53:12.000000000
9155,30.292537,-97.724664,2016-07-04 05:53:25,11,0 days 05:53:25.000000000
9156,30.266449,-97.745218,2016-07-04 05:54:15,11,0 days 05:54:15.000000000
9157,30.341871,-97.783515,2016-07-04 05:54:34,11,0 days 05:54:34.000000000
9158,30.260689,-97.73823,2016-07-04 05:54:34,11,0 days 05:54:34.000000000
9159,30.275915,-97.757796,2016-07-04 05:54:38,11,0 days 05:54:38.000000000
9160,30.257077,-97.723708,2016-07-04 05:55:54,11,0 days 05:55:54.000000000
9161,30.260569,-97.738129,2016-07-04 05:56:08,11,0 days 05:56:08.000000000
9162,30.257077,-97.723708,2016-07-04 05:56:50,11,0 days 05:56:50.000000000
9163,30.266449,-97.745218,2016-07-04 05:56:56,11,0 days 05:56:56.000000000
9164,30.259835,-97.738067,2016-07-04 05:58:12,11,0 days 05:58:12.000000000
9165,30.260687,-97.738376,2016-07-04 05:58:47,11,0 days 05:58:47.000000000
9166,30.266679,-97.744528,2016-07-04 05:59:25,11,0 days 05:59:25.000000000
9167,30.260734,-97.738212,2016-07-04 05:59:30,11,0 days 05:59:30.000000000
9168,30.260661,-97.738062,2016-07-04 05:59:53,11,0 days 05:59:53.000000000
9169,30.260513,-97.738154,2016-07-04 06:00:07,12,0 days 06:00:07.000000000
9170,30.262212,-97.715954,2016-07-04 06:00:25,12,0 days 06:00:25.000000000
9171,30.274767,-97.718889,2016-07-04 06:00:52,12,0 days 06:00:52.000000000
9172,30.269781,-97.749636,2016-07-04 06:00:57,12,0 days 06:00:57.000000000
9173,30.269781,-97.749636,2016-07-04 06:01:10,12,0 days 06:01:10.000000000
9174,30.306014,-97.6655,2016-07-04 06:01:14,12,0 days 06:01:14.000000000
9175,30.266454,-97.744599,2016-07-04 06:01:41,12,0 days 06:01:41.000000000
9176,30.274633,-97.718801,2016-07-04 06:01:41,12,0 days 06:01:41.000000000
9177,30.306014,-97.6655,2016-07-04 06:01:51,12,0 days 06:01:51.000000000
9178,30.269721,-97.749519,2016-07-04 06:02:16,12,0 days 06:02:16.000000000
9179,30.266447,-97.740694,2016-07-04 06:02:21,12,0 days 06:02:21.000000000
9180,30.263402,-97.713983,2016-07-04 06:03:57,12,0 days 06:03:57.000000000
9181,30.27039,-97.750347,2016-07-04 06:04:18,12,0 days 06:04:18.000000000
9182,30.260284,-97.7384,2016-07-04 06:05:25,12,0 days 06:05:25.000000000
9183,30.260001,-97.738333,2016-07-04 06:05:57,12,0 days 06:05:57.000000000
9184,30.260181,-97.738527,2016-07-04 06:06:06,12,0 days 06:06:06.000000000
9185,30.260065,-97.738319,2016-07-04 06:06:33,12,0 days 06:06:33.000000000
9186,30.277799,-97.772585,2016-07-04 06:07:38,12,0 days 06:07:38.000000000
9187,30.263619,-97.727642,2016-07-04 06:09:52,12,0 days 06:09:52.000000000
9188,30.273748,-97.720316,2016-07-04 06:11:28,12,0 days 06:11:28.000000000
9189,30.252605,-97.72284,2016-07-04 06:12:13,12,0 days 06:12:13.000000000
9190,30.27462,-97.764881,2016-07-04 06:15:53,12,0 days 06:15:53.000000000
9191,30.270773,-97.744317,2016-07-04 06:16:20,12,0 days 06:16:20.000000000
9192,30.267669,-97.741471,2016-07-04 06:16:39,12,0 days 06:16:39.000000000
9193,30.267715,-97.740471,2016-07-04 06:17:34,12,0 days 06:17:34.000000000
9194,30.266023,-97.731336,2016-07-04 06:20:12,12,0 days 06:20:12.000000000
9195,30.266023,-97.731336,2016-07-04 06:23:07,12,0 days 06:23:07.000000000
9196,30.263851,-97.728627,2016-07-04 06:24:11,12,0 days 06:24:11.000000000
9197,30.263483,-97.7274,2016-07-04 06:34:33,13,0 days 06:34:33.000000000
9198,30.267482,-97.739115,2016-07-04 06:35:21,13,0 days 06:35:21.000000000
9199,30.270183,-97.750357,2016-07-04 06:38:28,13,0 days 06:38:28.000000000
9200,30.402676,-97.733498,2016-07-04 06:38:51,13,0 days 06:38:51.000000000
9201,30.261516,-97.724696,2016-07-04 06:39:45,13,0 days 06:39:45.000000000
9202,30.289695,-97.749185,2016-07-04 06:39:56,13,0 days 06:39:56.000000000
9203,30.270013,-97.750312,2016-07-04 06:40:17,13,0 days 06:40:17.000000000
9204,30.264932,-97.731529,2016-07-04 06:40:32,13,0 days 06:40:32.000000000
9205,30.266866,-97.739152,2016-07-04 06:40:35,13,0 days 06:40:35.000000000
9206,30.267874,-97.739156,2016-07-04 06:41:32,13,0 days 06:41:32.000000000
9207,30.262748,-97.726961,2016-07-04 06:42:19,13,0 days 06:42:19.000000000
9208,30.267301,-97.738213,2016-07-04 06:42:22,13,0 days 06:42:22.000000000
9209,30.266441,-97.74542,2016-07-04 06:42:29,13,0 days 06:42:29.000000000
9210,30.267942,-97.739106,2016-07-04 06:42:43,13,0 days 06:42:43.000000000
9211,30.262674,-97.726939,2016-07-04 06:43:05,13,0 days 06:43:05.000000000
9212,30.26644,-97.74542,2016-07-04 06:43:15,13,0 days 06:43:15.000000000
9213,30.261516,-97.724696,2016-07-04 06:43:16,13,0 days 06:43:16.000000000
9214,30.264981,-97.731571,2016-07-04 06:43:17,13,0 days 06:43:17.000000000
9215,30.253878,-97.737528,2016-07-04 06:43:26,13,0 days 06:43:26.000000000
9216,30.260563,-97.738319,2016-07-04 06:43:43,13,0 days 06:43:43.000000000
9217,30.26644,-97.74542,2016-07-04 06:43:54,13,0 days 06:43:54.000000000
9218,30.260563,-97.738319,2016-07-04 06:45:00,13,0 days 06:45:00.000000000
9219,30.27201,-97.754245,2016-07-04 06:45:21,13,0 days 06:45:21.000000000
9220,30.260563,-97.738319,2016-07-04 06:45:46,13,0 days 06:45:46.000000000
9221,30.265966,-97.745301,2016-07-04 06:46:20,13,0 days 06:46:20.000000000
9222,30.263287,-97.727361,2016-07-04 06:46:28,13,0 days 06:46:28.000000000
9223,30.266869,-97.74306,2016-07-04 06:46:41,13,0 days 06:46:41.000000000
9224,30.260838,-97.737998,2016-07-04 06:46:50,13,0 days 06:46:50.000000000
9225,30.272011,-97.753911,2016-07-04 06:47:37,13,0 days 06:47:37.000000000
9226,30.266314,-97.738404,2016-07-04 06:47:42,13,0 days 06:47:42.000000000
9227,30.257889,-97.739007,2016-07-04 06:48:44,13,0 days 06:48:44.000000000
9228,30.259378,-97.738238,2016-07-04 06:49:15,13,0 days 06:49:15.000000000
9229,30.271971,-97.754219,2016-07-04 06:49:16,13,0 days 06:49:16.000000000
9230,30.288615,-97.772554,2016-07-04 06:49:43,13,0 days 06:49:43.000000000
9231,30.269689,-97.749293,2016-07-04 06:49:52,13,0 days 06:49:52.000000000
9232,30.266631,-97.737695,2016-07-04 06:49:53,13,0 days 06:49:53.000000000
9233,30.261516,-97.724696,2016-07-04 06:50:16,13,0 days 06:50:16.000000000
9234,30.266631,-97.737695,2016-07-04 06:50:45,13,0 days 06:50:45.000000000
9235,30.262897,-97.725015,2016-07-04 06:52:34,13,0 days 06:52:34.000000000
9236,30.26725,-97.738196,2016-07-04 06:52:41,13,0 days 06:52:41.000000000
9237,30.243576,-97.75198,2016-07-04 06:53:08,13,0 days 06:53:08.000000000
9238,30.288567,-97.772648,2016-07-04 06:53:10,13,0 days 06:53:10.000000000
9239,30.258742,-97.738604,2016-07-04 06:53:24,13,0 days 06:53:24.000000000
9240,30.258742,-97.738604,2016-07-04 06:53:50,13,0 days 06:53:50.000000000
9241,30.266506,-97.739593,2016-07-04 06:53:54,13,0 days 06:53:54.000000000
9242,30.267623,-97.738079,2016-07-04 06:54:55,13,0 days 06:54:55.000000000
9243,30.268843,-97.738704,2016-07-04 06:54:55,13,0 days 06:54:55.000000000
9244,30.267699,-97.738073,2016-07-04 06:55:06,13,0 days 06:55:06.000000000
9245,30.269436,-97.749663,2016-07-04 06:55:19,13,0 days 06:55:19.000000000
9246,30.269811,-97.738259,2016-07-04 06:55:21,13,0 days 06:55:21.000000000
9247,30.267699,-97.738073,2016-07-04 06:55:27,13,0 days 06:55:27.000000000
9248,30.266983,-97.737175,2016-07-04 06:55:30,13,0 days 06:55:30.000000000
9249,30.267635,-97.737695,2016-07-04 06:55:58,13,0 days 06:55:58.000000000
9250,30.265422,-97.743811,2016-07-04 06:56:39,13,0 days 06:56:39.000000000
9251,30.267702,-97.738065,2016-07-04 06:56:42,13,0 days 06:56:42.000000000
9252,30.266506,-97.739593,2016-07-04 06:57:02,13,0 days 06:57:02.000000000
9253,30.267702,-97.738065,2016-07-04 06:57:24,13,0 days 06:57:24.000000000
9254,30.266908,-97.737057,2016-07-04 06:57:32,13,0 days 06:57:32.000000000
9255,30.267771,-97.738264,2016-07-04 06:57:43,13,0 days 06:57:43.000000000
9256,30.266908,-97.737057,2016-07-04 06:57:44,13,0 days 06:57:44.000000000
9257,30.269811,-97.738259,2016-07-04 06:57:45,13,0 days 06:57:45.000000000
9258,30.266458,-97.739469,2016-07-04 06:57:47,13,0 days 06:57:47.000000000
9259,30.269044,-97.742013,2016-07-04 06:58:07,13,0 days 06:58:07.000000000
9260,30.266908,-97.737057,2016-07-04 06:58:19,13,0 days 06:58:19.000000000
9261,30.270771,-97.734819,2016-07-04 06:58:41,13,0 days 06:58:41.000000000
9262,30.269044,-97.742013,2016-07-04 06:59:06,13,0 days 06:59:06.000000000
9263,30.270108,-97.736311,2016-07-04 06:59:21,13,0 days 06:59:21.000000000
9264,30.319982,-97.788425,2016-07-04 06:59:34,13,0 days 06:59:34.000000000
9265,30.26618,-97.739652,2016-07-04 06:59:37,13,0 days 06:59:37.000000000
9266,30.270108,-97.736311,2016-07-04 06:59:39,13,0 days 06:59:39.000000000
9267,30.266925,-97.737027,2016-07-04 06:59:53,13,0 days 06:59:53.000000000
9268,30.319982,-97.788425,2016-07-04 06:59:56,13,0 days 06:59:56.000000000
9269,30.247243,-97.749422,2016-07-04 07:00:06,14,0 days 07:00:06.000000000
9270,30.274213,-97.720483,2016-07-04 07:00:42,14,0 days 07:00:42.000000000
9271,30.274213,-97.720483,2016-07-04 07:01:07,14,0 days 07:01:07.000000000
9272,30.258636,-97.738707,2016-07-04 07:01:35,14,0 days 07:01:35.000000000
9273,30.267041,-97.737143,2016-07-04 07:01:43,14,0 days 07:01:43.000000000
9274,30.266494,-97.741943,2016-07-04 07:02:09,14,0 days 07:02:09.000000000
9275,30.258636,-97.738707,2016-07-04 07:02:11,14,0 days 07:02:11.000000000
9276,30.266538,-97.735994,2016-07-04 07:02:29,14,0 days 07:02:29.000000000
9277,30.26618,-97.739652,2016-07-04 07:02:31,14,0 days 07:02:31.000000000
9278,30.266538,-97.735994,2016-07-04 07:02:39,14,0 days 07:02:39.000000000
9279,30.269717,-97.749945,2016-07-04 07:02:45,14,0 days 07:02:45.000000000
9280,30.263506,-97.727335,2016-07-04 07:02:53,14,0 days 07:02:53.000000000
9281,30.269717,-97.749945,2016-07-04 07:02:54,14,0 days 07:02:54.000000000
9282,30.259435,-97.738499,2016-07-04 07:02:56,14,0 days 07:02:56.000000000
9283,30.26659,-97.742107,2016-07-04 07:02:58,14,0 days 07:02:58.000000000
9284,30.266537,-97.735989,2016-07-04 07:03:07,14,0 days 07:03:07.000000000
9285,30.269717,-97.749945,2016-07-04 07:03:07,14,0 days 07:03:07.000000000
9286,30.263506,-97.727335,2016-07-04 07:03:10,14,0 days 07:03:10.000000000
9287,30.259435,-97.738499,2016-07-04 07:03:11,14,0 days 07:03:11.000000000
9288,30.260131,-97.73836,2016-07-04 07:03:15,14,0 days 07:03:15.000000000
9289,30.259435,-97.738499,2016-07-04 07:03:19,14,0 days 07:03:19.000000000
9290,30.260131,-97.73836,2016-07-04 07:03:24,14,0 days 07:03:24.000000000
9291,30.267556,-97.745497,2016-07-04 07:03:29,14,0 days 07:03:29.000000000
9292,30.259435,-97.738499,2016-07-04 07:03:30,14,0 days 07:03:30.000000000
9293,30.269717,-97.749945,2016-07-04 07:03:39,14,0 days 07:03:39.000000000
9294,30.259435,-97.738499,2016-07-04 07:03:41,14,0 days 07:03:41.000000000
9295,30.260131,-97.73836,2016-07-04 07:03:44,14,0 days 07:03:44.000000000
9296,30.231029,-97.765576,2016-07-04 07:03:47,14,0 days 07:03:47.000000000
9297,30.259484,-97.738498,2016-07-04 07:04:02,14,0 days 07:04:02.000000000
9298,30.265528,-97.737471,2016-07-04 07:04:20,14,0 days 07:04:20.000000000
9299,30.266478,-97.7454,2016-07-04 07:04:21,14,0 days 07:04:21.000000000
9300,30.26851,-97.736579,2016-07-04 07:04:29,14,0 days 07:04:29.000000000
9301,30.24732,-97.749568,2016-07-04 07:04:33,14,0 days 07:04:33.000000000
9302,30.266478,-97.7454,2016-07-04 07:04:37,14,0 days 07:04:37.000000000
9303,30.266478,-97.7454,2016-07-04 07:04:55,14,0 days 07:04:55.000000000
9304,30.260155,-97.738432,2016-07-04 07:04:59,14,0 days 07:04:59.000000000
9305,30.266478,-97.7454,2016-07-04 07:05:16,14,0 days 07:05:16.000000000
9306,30.266478,-97.7454,2016-07-04 07:05:26,14,0 days 07:05:26.000000000
9307,30.270051,-97.750436,2016-07-04 07:05:38,14,0 days 07:05:38.000000000
9308,30.269464,-97.748735,2016-07-04 07:05:40,14,0 days 07:05:40.000000000
9309,30.269483,-97.748985,2016-07-04 07:05:54,14,0 days 07:05:54.000000000
9310,30.268494,-97.736566,2016-07-04 07:05:57,14,0 days 07:05:57.000000000
9311,30.263256,-97.727418,2016-07-04 07:05:57,14,0 days 07:05:57.000000000
9312,30.269483,-97.748985,2016-07-04 07:06:17,14,0 days 07:06:17.000000000
9313,30.266995,-97.744858,2016-07-04 07:06:17,14,0 days 07:06:17.000000000
9314,30.270051,-97.750436,2016-07-04 07:06:17,14,0 days 07:06:17.000000000
9315,30.260131,-97.73836,2016-07-04 07:06:19,14,0 days 07:06:19.000000000
9316,30.263306,-97.727347,2016-07-04 07:06:33,14,0 days 07:06:33.000000000
9317,30.271032,-97.752846,2016-07-04 07:06:33,14,0 days 07:06:33.000000000
9318,30.260131,-97.73836,2016-07-04 07:06:40,14,0 days 07:06:40.000000000
9319,30.271032,-97.752846,2016-07-04 07:06:48,14,0 days 07:06:48.000000000
9320,30.26618,-97.739652,2016-07-04 07:06:49,14,0 days 07:06:49.000000000
9321,30.263135,-97.727559,2016-07-04 07:06:57,14,0 days 07:06:57.000000000
9322,30.266922,-97.744827,2016-07-04 07:07:27,14,0 days 07:07:27.000000000
9323,30.270051,-97.750436,2016-07-04 07:07:45,14,0 days 07:07:45.000000000
9324,30.266668,-97.744757,2016-07-04 07:07:57,14,0 days 07:07:57.000000000
9325,30.266668,-97.744757,2016-07-04 07:08:05,14,0 days 07:08:05.000000000
9326,30.266752,-97.744735,2016-07-04 07:08:14,14,0 days 07:08:14.000000000
9327,30.270051,-97.750436,2016-07-04 07:08:28,14,0 days 07:08:28.000000000
9328,30.269974,-97.736082,2016-07-04 07:08:34,14,0 days 07:08:34.000000000
9329,30.266792,-97.744728,2016-07-04 07:08:37,14,0 days 07:08:37.000000000
9330,30.266792,-97.744728,2016-07-04 07:08:49,14,0 days 07:08:49.000000000
9331,30.259345,-97.737515,2016-07-04 07:08:50,14,0 days 07:08:50.000000000
9332,30.270051,-97.750436,2016-07-04 07:09:03,14,0 days 07:09:03.000000000
9333,30.270011,-97.748359,2016-07-04 07:09:06,14,0 days 07:09:06.000000000
9334,30.265073,-97.738578,2016-07-04 07:09:08,14,0 days 07:09:08.000000000
9335,30.324385,-97.752452,2016-07-04 07:09:13,14,0 days 07:09:13.000000000
9336,30.259345,-97.737515,2016-07-04 07:09:26,14,0 days 07:09:26.000000000
9337,30.289396,-97.746613,2016-07-04 07:09:39,14,0 days 07:09:39.000000000
9338,30.265073,-97.738578,2016-07-04 07:09:43,14,0 days 07:09:43.000000000
9339,30.265073,-97.738578,2016-07-04 07:09:55,14,0 days 07:09:55.000000000
9340,30.270051,-97.750436,2016-07-04 07:10:03,14,0 days 07:10:03.000000000
9341,30.289396,-97.746613,2016-07-04 07:10:07,14,0 days 07:10:07.000000000
9342,30.26618,-97.739652,2016-07-04 07:10:22,14,0 days 07:10:22.000000000
9343,30.266792,-97.744728,2016-07-04 07:10:23,14,0 days 07:10:23.000000000
9344,30.280216,-97.720895,2016-07-04 07:10:49,14,0 days 07:10:49.000000000
9345,30.26859,-97.744151,2016-07-04 07:11:11,14,0 days 07:11:11.000000000
9346,30.280216,-97.720895,2016-07-04 07:11:21,14,0 days 07:11:21.000000000
9347,30.280216,-97.720895,2016-07-04 07:11:32,14,0 days 07:11:32.000000000
9348,30.267005,-97.742942,2016-07-04 07:11:38,14,0 days 07:11:38.000000000
9349,30.266147,-97.744716,2016-07-04 07:11:50,14,0 days 07:11:50.000000000
9350,30.26602,-97.744765,2016-07-04 07:12:00,14,0 days 07:12:00.000000000
9351,30.269978,-97.749996,2016-07-04 07:12:01,14,0 days 07:12:01.000000000
9352,30.268571,-97.744136,2016-07-04 07:12:48,14,0 days 07:12:48.000000000
9353,30.263779,-97.746217,2016-07-04 07:13:05,14,0 days 07:13:05.000000000
9354,30.268571,-97.744136,2016-07-04 07:13:09,14,0 days 07:13:09.000000000
9355,30.262462,-97.725125,2016-07-04 07:13:14,14,0 days 07:13:14.000000000
9356,30.263779,-97.746217,2016-07-04 07:13:15,14,0 days 07:13:15.000000000
9357,30.266837,-97.745021,2016-07-04 07:13:25,14,0 days 07:13:25.000000000
9358,30.268567,-97.744122,2016-07-04 07:13:33,14,0 days 07:13:33.000000000
9359,30.259701,-97.737729,2016-07-04 07:13:35,14,0 days 07:13:35.000000000
9360,30.261348,-97.758759,2016-07-04 07:13:46,14,0 days 07:13:46.000000000
9361,30.266837,-97.745021,2016-07-04 07:14:02,14,0 days 07:14:02.000000000
9362,30.263779,-97.746217,2016-07-04 07:14:09,14,0 days 07:14:09.000000000
9363,30.259701,-97.737729,2016-07-04 07:14:21,14,0 days 07:14:21.000000000
9364,30.262128,-97.721939,2016-07-04 07:14:22,14,0 days 07:14:22.000000000
9365,30.266481,-97.743856,2016-07-04 07:14:32,14,0 days 07:14:32.000000000
9366,30.259572,-97.738624,2016-07-04 07:14:47,14,0 days 07:14:47.000000000
9367,30.271726,-97.737665,2016-07-04 07:15:00,14,0 days 07:15:00.000000000
9368,30.320325,-97.72696,2016-07-04 07:15:10,14,0 days 07:15:10.000000000
9369,30.266795,-97.745739,2016-07-04 07:15:10,14,0 days 07:15:10.000000000
9370,30.263019,-97.739084,2016-07-04 07:15:58,14,0 days 07:15:58.000000000
9371,30.266625,-97.746098,2016-07-04 07:16:02,14,0 days 07:16:02.000000000
9372,30.319982,-97.788425,2016-07-04 07:16:15,14,0 days 07:16:15.000000000
9373,30.271944,-97.738497,2016-07-04 07:16:30,14,0 days 07:16:30.000000000
9374,30.259738,-97.737761,2016-07-04 07:16:31,14,0 days 07:16:31.000000000
9375,30.261791,-97.718929,2016-07-04 07:16:49,14,0 days 07:16:49.000000000
9376,30.263451,-97.743357,2016-07-04 07:16:59,14,0 days 07:16:59.000000000
9377,30.266589,-97.745718,2016-07-04 07:17:26,14,0 days 07:17:26.000000000
9378,30.264716,-97.745099,2016-07-04 07:17:39,14,0 days 07:17:39.000000000
9379,30.262462,-97.725125,2016-07-04 07:17:53,14,0 days 07:17:53.000000000
9380,30.264703,-97.745062,2016-07-04 07:17:57,14,0 days 07:17:57.000000000
9381,30.305658,-97.727614,2016-07-04 07:18:00,14,0 days 07:18:00.000000000
9382,30.340236,-97.738603,2016-07-04 07:18:12,14,0 days 07:18:12.000000000
9383,30.263256,-97.727418,2016-07-04 07:18:17,14,0 days 07:18:17.000000000
9384,30.263512,-97.743232,2016-07-04 07:18:21,14,0 days 07:18:21.000000000
9385,30.264768,-97.745527,2016-07-04 07:18:24,14,0 days 07:18:24.000000000
9386,30.265073,-97.738578,2016-07-04 07:18:31,14,0 days 07:18:31.000000000
9387,30.264838,-97.745805,2016-07-04 07:18:34,14,0 days 07:18:34.000000000
9388,30.263645,-97.728387,2016-07-04 07:18:38,14,0 days 07:18:38.000000000
9389,30.261384,-97.743425,2016-07-04 07:18:42,14,0 days 07:18:42.000000000
9390,30.264897,-97.7462,2016-07-04 07:18:54,14,0 days 07:18:54.000000000
9391,30.263552,-97.743235,2016-07-04 07:19:05,14,0 days 07:19:05.000000000
9392,30.263019,-97.739084,2016-07-04 07:19:25,14,0 days 07:19:25.000000000
9393,30.263019,-97.739084,2016-07-04 07:19:37,14,0 days 07:19:37.000000000
9394,30.266453,-97.744549,2016-07-04 07:19:47,14,0 days 07:19:47.000000000
9395,30.266714,-97.741913,2016-07-04 07:19:52,14,0 days 07:19:52.000000000
9396,30.266453,-97.744549,2016-07-04 07:19:57,14,0 days 07:19:57.000000000
9397,30.340254,-97.738615,2016-07-04 07:20:13,14,0 days 07:20:13.000000000
9398,30.266678,-97.746081,2016-07-04 07:20:25,14,0 days 07:20:25.000000000
9399,30.340254,-97.738615,2016-07-04 07:20:31,14,0 days 07:20:31.000000000
9400,30.259408,-97.757003,2016-07-04 07:20:47,14,0 days 07:20:47.000000000
9401,30.266678,-97.746081,2016-07-04 07:20:51,14,0 days 07:20:51.000000000
9402,30.255229,-97.735197,2016-07-04 07:20:58,14,0 days 07:20:58.000000000
9403,30.361223,-97.738357,2016-07-04 07:21:50,14,0 days 07:21:50.000000000
9404,30.262462,-97.725125,2016-07-04 07:22:24,14,0 days 07:22:24.000000000
9405,30.265811,-97.743642,2016-07-04 07:22:44,14,0 days 07:22:44.000000000
9406,30.267837,-97.73674,2016-07-04 07:22:46,14,0 days 07:22:46.000000000
9407,30.259408,-97.757003,2016-07-04 07:22:52,14,0 days 07:22:52.000000000
9408,30.265672,-97.743653,2016-07-04 07:22:57,14,0 days 07:22:57.000000000
9409,30.265074,-97.738578,2016-07-04 07:23:03,14,0 days 07:23:03.000000000
9410,30.265074,-97.738578,2016-07-04 07:23:12,14,0 days 07:23:12.000000000
9411,30.274113,-97.764476,2016-07-04 07:23:45,14,0 days 07:23:45.000000000
9412,30.255229,-97.735197,2016-07-04 07:23:50,14,0 days 07:23:50.000000000
9413,30.274113,-97.764476,2016-07-04 07:24:18,14,0 days 07:24:18.000000000
9414,30.273677,-97.763961,2016-07-04 07:24:44,14,0 days 07:24:44.000000000
9415,30.274113,-97.764476,2016-07-04 07:24:47,14,0 days 07:24:47.000000000
9416,30.265672,-97.743653,2016-07-04 07:24:57,14,0 days 07:24:57.000000000
9417,30.321432,-97.779041,2016-07-04 07:25:29,14,0 days 07:25:29.000000000
9418,30.263019,-97.739084,2016-07-04 07:25:53,14,0 days 07:25:53.000000000
9419,30.259196,-97.738999,2016-07-04 07:26:14,14,0 days 07:26:14.000000000
9420,30.259196,-97.738999,2016-07-04 07:26:23,14,0 days 07:26:23.000000000
9421,30.255229,-97.735197,2016-07-04 07:26:26,14,0 days 07:26:26.000000000
9422,30.259215,-97.738904,2016-07-04 07:26:26,14,0 days 07:26:26.000000000
9423,30.259196,-97.738999,2016-07-04 07:26:31,14,0 days 07:26:31.000000000
9424,30.265074,-97.738578,2016-07-04 07:26:47,14,0 days 07:26:47.000000000
9425,30.255229,-97.735197,2016-07-04 07:27:20,14,0 days 07:27:20.000000000
9426,30.265381,-97.742933,2016-07-04 07:27:27,14,0 days 07:27:27.000000000
9427,30.268567,-97.744122,2016-07-04 07:27:28,14,0 days 07:27:28.000000000
9428,30.260776,-97.737891,2016-07-04 07:28:01,14,0 days 07:28:01.000000000
9429,30.273682,-97.763932,2016-07-04 07:28:42,14,0 days 07:28:42.000000000
9430,30.273682,-97.763932,2016-07-04 07:28:51,14,0 days 07:28:51.000000000
9431,30.273608,-97.763903,2016-07-04 07:29:22,14,0 days 07:29:22.000000000
9432,30.265483,-97.737352,2016-07-04 07:30:11,14,0 days 07:30:11.000000000
9433,30.265074,-97.738578,2016-07-04 07:30:11,14,0 days 07:30:11.000000000
9434,30.267838,-97.73674,2016-07-04 07:30:43,14,0 days 07:30:43.000000000
9435,30.273815,-97.763907,2016-07-04 07:31:36,15,0 days 07:31:36.000000000
9436,30.265193,-97.731283,2016-07-04 07:31:43,15,0 days 07:31:43.000000000
9437,30.261791,-97.718929,2016-07-04 07:32:12,15,0 days 07:32:12.000000000
9438,30.264684,-97.731466,2016-07-04 07:32:38,15,0 days 07:32:38.000000000
9439,30.260284,-97.7384,2016-07-04 07:33:12,15,0 days 07:33:12.000000000
9440,30.263383,-97.727249,2016-07-04 07:33:40,15,0 days 07:33:40.000000000
9441,30.262455,-97.773523,2016-07-04 07:34:03,15,0 days 07:34:03.000000000
9442,30.27417,-97.764127,2016-07-04 07:35:26,15,0 days 07:35:26.000000000
9443,30.274182,-97.764075,2016-07-04 07:35:57,15,0 days 07:35:57.000000000
9444,30.267783,-97.738968,2016-07-04 07:36:07,15,0 days 07:36:07.000000000
9445,30.274221,-97.764041,2016-07-04 07:37:22,15,0 days 07:37:22.000000000
9446,30.266439,-97.741084,2016-07-04 07:39:09,15,0 days 07:39:09.000000000
9447,30.267401,-97.736343,2016-07-04 07:44:27,15,0 days 07:44:27.000000000
9448,30.266604,-97.741969,2016-07-04 07:46:08,15,0 days 07:46:08.000000000
9449,30.277812,-97.771731,2016-07-04 07:52:10,15,0 days 07:52:10.000000000
9450,30.261693,-97.781059,2016-07-04 07:54:26,15,0 days 07:54:26.000000000
9451,30.247024,-97.743066,2016-07-04 07:55:13,15,0 days 07:55:13.000000000
9452,30.253653,-97.744307,2016-07-04 07:56:45,15,0 days 07:56:45.000000000
9453,30.268134,-97.744265,2016-07-04 07:57:43,15,0 days 07:57:43.000000000
9454,30.265501,-97.738702,2016-07-04 07:58:26,15,0 days 07:58:26.000000000
9455,30.265501,-97.738702,2016-07-04 07:58:58,15,0 days 07:58:58.000000000
9456,30.268134,-97.744265,2016-07-04 07:59:24,15,0 days 07:59:24.000000000
9457,30.265501,-97.738702,2016-07-04 08:00:08,16,0 days 08:00:08.000000000
9458,30.265501,-97.738702,2016-07-04 08:01:13,16,0 days 08:01:13.000000000
9459,30.277717,-97.77182,2016-07-04 08:01:41,16,0 days 08:01:41.000000000
9460,30.267706,-97.738854,2016-07-04 08:02:07,16,0 days 08:02:07.000000000
9461,30.277717,-97.77182,2016-07-04 08:02:16,16,0 days 08:02:16.000000000
9462,30.278101,-97.771667,2016-07-04 08:02:42,16,0 days 08:02:42.000000000
9463,30.267706,-97.738854,2016-07-04 08:03:17,16,0 days 08:03:17.000000000
9464,30.278101,-97.771667,2016-07-04 08:03:49,16,0 days 08:03:49.000000000
9465,30.229762,-97.78196,2016-07-04 08:04:45,16,0 days 08:04:45.000000000
9466,30.229762,-97.78196,2016-07-04 08:05:07,16,0 days 08:05:07.000000000
9467,30.265567,-97.704105,2016-07-04 08:06:24,16,0 days 08:06:24.000000000
9468,30.265871,-97.747047,2016-07-04 08:10:47,16,0 days 08:10:47.000000000
9469,30.290729,-97.74211,2016-07-04 08:14:16,16,0 days 08:14:16.000000000
9470,30.290729,-97.74211,2016-07-04 08:15:24,16,0 days 08:15:24.000000000
9471,30.290729,-97.74211,2016-07-04 08:16:11,16,0 days 08:16:11.000000000
9472,30.266616,-97.740396,2016-07-04 08:22:26,16,0 days 08:22:26.000000000
9473,30.266616,-97.740396,2016-07-04 08:23:19,16,0 days 08:23:19.000000000
9474,30.247792,-97.786797,2016-07-04 08:24:01,16,0 days 08:24:01.000000000
9475,30.266616,-97.740396,2016-07-04 08:25:26,16,0 days 08:25:26.000000000
9476,30.248466,-97.786599,2016-07-04 08:25:28,16,0 days 08:25:28.000000000
9477,30.248466,-97.786599,2016-07-04 08:26:01,16,0 days 08:26:01.000000000
9478,30.265793,-97.747013,2016-07-04 08:26:56,16,0 days 08:26:56.000000000
9479,30.265793,-97.747013,2016-07-04 08:27:54,16,0 days 08:27:54.000000000
9480,30.257522,-97.739207,2016-07-04 08:41:41,17,0 days 08:41:41.000000000
9481,30.267115,-97.739212,2016-07-04 08:50:06,17,0 days 08:50:06.000000000
9482,30.267213,-97.739159,2016-07-04 08:50:41,17,0 days 08:50:41.000000000
9483,30.267213,-97.739159,2016-07-04 08:51:16,17,0 days 08:51:16.000000000
9484,30.269084,-97.751545,2016-07-04 08:52:03,17,0 days 08:52:03.000000000
9485,30.202149,-97.666829,2016-07-04 08:52:55,17,0 days 08:52:55.000000000
9486,30.265212,-97.735755,2016-07-04 08:55:41,17,0 days 08:55:41.000000000
9487,30.255833,-97.740248,2016-07-04 08:56:08,17,0 days 08:56:08.000000000
9488,30.257014,-97.738271,2016-07-04 08:56:36,17,0 days 08:56:36.000000000
9489,30.257014,-97.738271,2016-07-04 08:57:02,17,0 days 08:57:02.000000000
9490,30.269084,-97.751545,2016-07-04 08:58:44,17,0 days 08:58:44.000000000
9491,30.269084,-97.751545,2016-07-04 08:59:16,17,0 days 08:59:16.000000000
9492,30.269084,-97.751545,2016-07-04 08:59:40,17,0 days 08:59:40.000000000
9493,30.269344,-97.753285,2016-07-04 09:00:09,18,0 days 09:00:09.000000000
9494,30.269084,-97.751545,2016-07-04 09:00:49,18,0 days 09:00:49.000000000
9495,30.259237,-97.70933,2016-07-04 09:02:00,18,0 days 09:02:00.000000000
9496,30.259215,-97.738904,2016-07-04 09:03:11,18,0 days 09:03:11.000000000
9497,30.266334,-97.714938,2016-07-04 09:03:15,18,0 days 09:03:15.000000000
9498,30.235465,-97.730741,2016-07-04 09:04:01,18,0 days 09:04:01.000000000
9499,30.269084,-97.751545,2016-07-04 09:09:05,18,0 days 09:09:05.000000000
9500,30.235212,-97.714406,2016-07-04 09:16:54,18,0 days 09:16:54.000000000
9501,30.237179,-97.726676,2016-07-04 09:28:02,18,0 days 09:28:02.000000000
9502,30.237179,-97.726676,2016-07-04 09:28:39,18,0 days 09:28:39.000000000
9503,30.269428,-97.742774,2016-07-04 09:31:21,19,0 days 09:31:21.000000000
9504,30.269428,-97.742774,2016-07-04 09:33:39,19,0 days 09:33:39.000000000
9505,30.266334,-97.714938,2016-07-04 09:35:13,19,0 days 09:35:13.000000000
9506,30.290315,-97.74844,2016-07-04 09:35:53,19,0 days 09:35:53.000000000
9507,30.290315,-97.74844,2016-07-04 09:36:03,19,0 days 09:36:03.000000000
9508,30.295379,-97.743759,2016-07-04 09:37:58,19,0 days 09:37:58.000000000
9509,30.269428,-97.742774,2016-07-04 09:38:26,19,0 days 09:38:26.000000000
9510,30.295379,-97.743759,2016-07-04 09:38:45,19,0 days 09:38:45.000000000
9511,30.269428,-97.742774,2016-07-04 09:38:49,19,0 days 09:38:49.000000000
9512,30.269428,-97.742774,2016-07-04 09:39:06,19,0 days 09:39:06.000000000
9513,30.236825,-97.726529,2016-07-04 09:39:34,19,0 days 09:39:34.000000000
9514,30.29632,-97.742503,2016-07-04 09:40:11,19,0 days 09:40:11.000000000
9515,30.27037,-97.750124,2016-07-04 09:53:39,19,0 days 09:53:39.000000000
9516,30.273054,-97.729363,2016-07-04 09:53:58,19,0 days 09:53:58.000000000
9517,30.326237,-97.704496,2016-07-04 10:40:36,21,0 days 10:40:36.000000000
9518,30.290549,-97.746448,2016-07-04 10:53:52,21,0 days 10:53:52.000000000
9519,30.256014,-97.762854,2016-07-04 11:10:54,22,0 days 11:10:54.000000000
9520,30.243619,-97.724307,2016-07-04 11:17:53,22,0 days 11:17:53.000000000
9521,30.265793,-97.747014,2016-07-04 13:02:50,26,0 days 13:02:50.000000000
9522,30.211911,-97.817177,2016-07-04 13:04:48,26,0 days 13:04:48.000000000
9523,30.322464,-97.7292,2016-07-04 13:27:13,26,0 days 13:27:13.000000000
9524,30.269307,-97.752244,2016-07-04 13:30:37,26,0 days 13:30:37.000000000
9525,30.224824,-97.742709,2016-07-04 13:38:18,27,0 days 13:38:18.000000000
9526,30.267615,-97.741782,2016-07-04 13:43:01,27,0 days 13:43:01.000000000
9527,30.256994,-97.750125,2016-07-04 13:49:10,27,0 days 13:49:10.000000000
9528,30.252742,-97.724946,2016-07-04 14:45:00,29,0 days 14:45:00.000000000
9529,30.262103,-97.742419,2016-07-04 14:49:34,29,0 days 14:49:34.000000000
9530,30.273281,-97.739001,2016-07-04 14:51:02,29,0 days 14:51:02.000000000
9531,30.292825,-97.704896,2016-07-04 15:02:55,30,0 days 15:02:55.000000000
9532,30.266616,-97.740396,2016-07-04 15:04:37,30,0 days 15:04:37.000000000
9533,30.222721,-97.721772,2016-07-04 15:12:52,30,0 days 15:12:52.000000000
9534,30.202551,-97.667163,2016-07-04 15:12:57,30,0 days 15:12:57.000000000
9535,30.269309,-97.740393,2016-07-04 15:14:31,30,0 days 15:14:31.000000000
9536,30.313299,-97.721859,2016-07-04 15:21:59,30,0 days 15:21:59.000000000
9537,30.237273,-97.730142,2016-07-04 15:49:49,31,0 days 15:49:49.000000000
9538,30.323756,-97.704916,2016-07-04 15:51:27,31,0 days 15:51:27.000000000
9539,30.268048,-97.742709,2016-07-04 15:51:49,31,0 days 15:51:49.000000000
9540,30.232639,-97.724592,2016-07-04 15:52:28,31,0 days 15:52:28.000000000
9541,30.202582,-97.667047,2016-07-04 15:56:27,31,0 days 15:56:27.000000000
9542,30.267957,-97.754974,2016-07-04 16:04:02,32,0 days 16:04:02.000000000
9543,30.333755,-97.726538,2016-07-04 16:04:12,32,0 days 16:04:12.000000000
9544,30.264485,-97.743116,2016-07-04 16:04:57,32,0 days 16:04:57.000000000
9545,30.245006,-97.72335,2016-07-04 16:05:03,32,0 days 16:05:03.000000000
9546,30.264524,-97.743435,2016-07-04 16:06:17,32,0 days 16:06:17.000000000
9547,30.370729,-97.756257,2016-07-04 16:08:26,32,0 days 16:08:26.000000000
9548,30.258672,-97.787872,2016-07-04 16:10:05,32,0 days 16:10:05.000000000
9549,30.355681,-97.738062,2016-07-04 16:13:13,32,0 days 16:13:13.000000000
9550,30.355523,-97.737611,2016-07-04 16:13:59,32,0 days 16:13:59.000000000
9551,30.355832,-97.736773,2016-07-04 16:14:50,32,0 days 16:14:50.000000000
9552,30.275837,-97.758085,2016-07-04 16:18:32,32,0 days 16:18:32.000000000
9553,30.258139,-97.751579,2016-07-04 16:21:43,32,0 days 16:21:43.000000000
9554,30.202587,-97.66715,2016-07-04 16:25:37,32,0 days 16:25:37.000000000
9555,30.265643,-97.738235,2016-07-04 16:28:39,32,0 days 16:28:39.000000000
9556,30.267676,-97.749377,2016-07-04 16:43:11,33,0 days 16:43:11.000000000
9557,30.259679,-97.747879,2016-07-04 16:43:49,33,0 days 16:43:49.000000000
9558,30.330484,-97.675712,2016-07-04 16:44:13,33,0 days 16:44:13.000000000
9559,30.267013,-97.755049,2016-07-04 16:47:23,33,0 days 16:47:23.000000000
9560,30.243409,-97.780067,2016-07-04 16:48:41,33,0 days 16:48:41.000000000
9561,30.285288,-97.746647,2016-07-04 16:50:38,33,0 days 16:50:38.000000000
9562,30.285735,-97.746479,2016-07-04 16:51:57,33,0 days 16:51:57.000000000
9563,30.271292,-97.743474,2016-07-04 17:00:53,34,0 days 17:00:53.000000000
9564,30.297608,-97.740196,2016-07-04 17:02:01,34,0 days 17:02:01.000000000
9565,30.29756,-97.740216,2016-07-04 17:04:23,34,0 days 17:04:23.000000000
9566,30.297534,-97.740377,2016-07-04 17:06:53,34,0 days 17:06:53.000000000
9567,30.297485,-97.740266,2016-07-04 17:07:27,34,0 days 17:07:27.000000000
9568,30.246121,-97.751007,2016-07-04 17:09:06,34,0 days 17:09:06.000000000
9569,30.246121,-97.751007,2016-07-04 17:09:37,34,0 days 17:09:37.000000000
9570,30.20265,-97.667618,2016-07-04 17:15:54,34,0 days 17:15:54.000000000
9571,30.327105,-97.787514,2016-07-04 17:19:25,34,0 days 17:19:25.000000000
9572,30.272477,-97.760178,2016-07-04 17:21:45,34,0 days 17:21:45.000000000
9573,30.261966,-97.742503,2016-07-04 17:25:17,34,0 days 17:25:17.000000000
9574,30.273054,-97.729363,2016-07-04 17:29:04,34,0 days 17:29:04.000000000
9575,30.269004,-97.750265,2016-07-04 17:31:16,35,0 days 17:31:16.000000000
9576,30.317016,-97.744368,2016-07-04 17:32:51,35,0 days 17:32:51.000000000
9577,30.253864,-97.747081,2016-07-04 17:34:10,35,0 days 17:34:10.000000000
9578,30.266287,-97.740322,2016-07-04 17:37:09,35,0 days 17:37:09.000000000
9579,30.248053,-97.734525,2016-07-04 17:37:36,35,0 days 17:37:36.000000000
9580,30.278339,-97.760229,2016-07-04 17:37:48,35,0 days 17:37:48.000000000
9581,30.316739,-97.744738,2016-07-04 17:38:13,35,0 days 17:38:13.000000000
9582,30.275837,-97.758085,2016-07-04 17:45:19,35,0 days 17:45:19.000000000
9583,30.261069,-97.737182,2016-07-04 17:46:01,35,0 days 17:46:01.000000000
9584,30.290573,-97.746595,2016-07-04 17:50:26,35,0 days 17:50:26.000000000
9585,30.257001,-97.725004,2016-07-04 17:50:27,35,0 days 17:50:27.000000000
9586,30.26138,-97.774434,2016-07-04 17:57:09,35,0 days 17:57:09.000000000
9587,30.344493,-97.704114,2016-07-04 18:01:52,36,0 days 18:01:52.000000000
9588,30.257565,-97.780073,2016-07-04 18:02:12,36,0 days 18:02:12.000000000
9589,30.344463,-97.70419,2016-07-04 18:02:53,36,0 days 18:02:53.000000000
9590,30.277868,-97.772245,2016-07-04 18:14:09,36,0 days 18:14:09.000000000
9591,30.258155,-97.712679,2016-07-04 18:17:13,36,0 days 18:17:13.000000000
9592,30.296354,-97.735749,2016-07-04 18:19:39,36,0 days 18:19:39.000000000
9593,30.299916,-97.731801,2016-07-04 18:19:42,36,0 days 18:19:42.000000000
9594,30.268954,-97.724959,2016-07-04 18:24:33,36,0 days 18:24:33.000000000
9595,30.264505,-97.745421,2016-07-04 18:25:03,36,0 days 18:25:03.000000000
9596,30.345033,-97.772168,2016-07-04 18:26:04,36,0 days 18:26:04.000000000
9597,30.263414,-97.744027,2016-07-04 18:27:33,36,0 days 18:27:33.000000000
9598,30.260601,-97.747138,2016-07-04 18:29:53,36,0 days 18:29:53.000000000
9599,30.242,-97.723677,2016-07-04 18:35:18,37,0 days 18:35:18.000000000
9600,30.314893,-97.686451,2016-07-04 18:42:43,37,0 days 18:42:43.000000000
9601,30.314821,-97.735732,2016-07-04 18:48:51,37,0 days 18:48:51.000000000
9602,30.2616,-97.771867,2016-07-04 18:51:17,37,0 days 18:51:17.000000000
9603,30.271201,-97.745699,2016-07-04 18:52:19,37,0 days 18:52:19.000000000
9604,30.197429,-97.666306,2016-07-04 18:53:09,37,0 days 18:53:09.000000000
9605,30.197429,-97.666306,2016-07-04 18:54:21,37,0 days 18:54:21.000000000
9606,30.230652,-97.765915,2016-07-04 18:58:21,37,0 days 18:58:21.000000000
9607,30.268271,-97.73265,2016-07-04 19:12:09,38,0 days 19:12:09.000000000
9608,30.265524,-97.738933,2016-07-04 19:14:11,38,0 days 19:14:11.000000000
9609,30.273061,-97.729363,2016-07-04 19:14:46,38,0 days 19:14:46.000000000
9610,30.245431,-97.746393,2016-07-04 19:16:01,38,0 days 19:16:01.000000000
9611,30.26532,-97.738646,2016-07-04 19:17:01,38,0 days 19:17:01.000000000
9612,30.27668,-97.718633,2016-07-04 19:18:11,38,0 days 19:18:11.000000000
9613,30.245393,-97.746299,2016-07-04 19:18:22,38,0 days 19:18:22.000000000
9614,30.245431,-97.746393,2016-07-04 19:18:45,38,0 days 19:18:45.000000000
9615,30.257312,-97.739082,2016-07-04 19:19:41,38,0 days 19:19:41.000000000
9616,30.245431,-97.746393,2016-07-04 19:22:02,38,0 days 19:22:02.000000000
9618,30.26118,-97.737936,2016-07-04 19:38:00,39,0 days 19:38:00.000000000
9619,30.236762,-97.783844,2016-07-04 19:39:37,39,0 days 19:39:37.000000000
9620,30.267562,-97.754454,2016-07-04 19:41:50,39,0 days 19:41:50.000000000
9621,30.280292,-97.741961,2016-07-04 19:41:55,39,0 days 19:41:55.000000000
9623,30.25629,-97.764039,2016-07-04 19:44:55,39,0 days 19:44:55.000000000
9624,30.267934,-97.722193,2016-07-04 19:47:27,39,0 days 19:47:27.000000000
9625,30.243543,-97.78209,2016-07-04 19:48:57,39,0 days 19:48:57.000000000
9626,30.302737,-97.741873,2016-07-04 19:52:08,39,0 days 19:52:08.000000000
9627,30.236432,-97.793098,2016-07-04 19:53:51,39,0 days 19:53:51.000000000
9628,30.265845,-97.745737,2016-07-04 19:54:59,39,0 days 19:54:59.000000000
9629,30.255738,-97.745853,2016-07-04 20:03:12,40,0 days 20:03:12.000000000
9630,30.26913,-97.753145,2016-07-04 20:08:20,40,0 days 20:08:20.000000000
9631,30.27611,-97.76566,2016-07-04 20:09:39,40,0 days 20:09:39.000000000
9632,30.267359,-97.749691,2016-07-04 20:10:12,40,0 days 20:10:12.000000000
9633,30.32287,-97.708148,2016-07-04 20:10:29,40,0 days 20:10:29.000000000
9634,30.267501,-97.754715,2016-07-04 20:11:12,40,0 days 20:11:12.000000000
9635,30.322348,-97.708128,2016-07-04 20:11:36,40,0 days 20:11:36.000000000
9636,30.323104,-97.738755,2016-07-04 20:11:55,40,0 days 20:11:55.000000000
9637,30.255722,-97.744218,2016-07-04 20:12:19,40,0 days 20:12:19.000000000
9639,30.231085,-97.787296,2016-07-04 20:13:17,40,0 days 20:13:17.000000000
9640,30.255722,-97.744218,2016-07-04 20:14:09,40,0 days 20:14:09.000000000
9641,30.270568,-97.753299,2016-07-04 20:18:40,40,0 days 20:18:40.000000000
9642,30.319136,-97.730218,2016-07-04 20:19:05,40,0 days 20:19:05.000000000
9644,30.271094,-97.753477,2016-07-04 20:22:14,40,0 days 20:22:14.000000000
9645,30.323024,-97.738702,2016-07-04 20:24:14,40,0 days 20:24:14.000000000
9646,30.226996,-97.766454,2016-07-04 20:24:18,40,0 days 20:24:18.000000000
9647,30.323024,-97.738702,2016-07-04 20:25:38,40,0 days 20:25:38.000000000
9648,30.323144,-97.738759,2016-07-04 20:26:31,40,0 days 20:26:31.000000000
9649,30.319259,-97.730013,2016-07-04 20:26:53,40,0 days 20:26:53.000000000
9650,30.264235,-97.705707,2016-07-04 20:35:13,41,0 days 20:35:13.000000000
9651,30.265793,-97.747014,2016-07-04 20:36:11,41,0 days 20:36:11.000000000
9652,30.303289,-97.69716,2016-07-04 20:43:31,41,0 days 20:43:31.000000000
9653,30.323024,-97.738702,2016-07-04 20:44:44,41,0 days 20:44:44.000000000
9654,30.259656,-97.752728,2016-07-04 20:45:30,41,0 days 20:45:30.000000000
9655,30.238058,-97.759592,2016-07-04 20:48:39,41,0 days 20:48:39.000000000
9656,30.250222,-97.766953,2016-07-04 20:53:11,41,0 days 20:53:11.000000000
9657,30.285374,-97.728661,2016-07-04 20:55:25,41,0 days 20:55:25.000000000
9658,30.269117,-97.753179,2016-07-04 20:59:36,41,0 days 20:59:36.000000000
9659,30.250119,-97.771007,2016-07-04 21:06:02,42,0 days 21:06:02.000000000
9660,30.281433,-97.707436,2016-07-04 21:07:03,42,0 days 21:07:03.000000000
9661,30.296518,-97.763343,2016-07-04 21:09:33,42,0 days 21:09:33.000000000
9662,30.235223,-97.784351,2016-07-04 21:09:38,42,0 days 21:09:38.000000000
9663,30.248298,-97.734504,2016-07-04 21:11:12,42,0 days 21:11:12.000000000
9664,30.235274,-97.784491,2016-07-04 21:13:34,42,0 days 21:13:34.000000000
9665,30.26569,-97.737408,2016-07-04 21:13:40,42,0 days 21:13:40.000000000
9666,30.235274,-97.784491,2016-07-04 21:13:54,42,0 days 21:13:54.000000000
9667,30.269077,-97.751927,2016-07-04 21:17:26,42,0 days 21:17:26.000000000
9668,30.317823,-97.749447,2016-07-04 21:20:35,42,0 days 21:20:35.000000000
9669,30.260052,-97.739111,2016-07-04 21:21:02,42,0 days 21:21:02.000000000
9670,30.24492,-97.810667,2016-07-04 21:27:01,42,0 days 21:27:01.000000000
9671,30.312415,-97.741799,2016-07-04 21:29:00,42,0 days 21:29:00.000000000
9672,30.263057,-97.763054,2016-07-04 21:30:46,42,0 days 21:30:46.000000000
9673,30.312749,-97.741616,2016-07-04 21:31:02,43,0 days 21:31:02.000000000
9674,30.261887,-97.769918,2016-07-04 21:32:11,43,0 days 21:32:11.000000000
9675,30.259181,-97.763521,2016-07-04 21:33:29,43,0 days 21:33:29.000000000
9676,30.295855,-97.701094,2016-07-04 21:38:47,43,0 days 21:38:47.000000000
9677,30.202677,-97.666783,2016-07-04 21:43:11,43,0 days 21:43:11.000000000
9678,30.250725,-97.749478,2016-07-04 21:44:03,43,0 days 21:44:03.000000000
9679,30.250725,-97.749478,2016-07-04 21:44:37,43,0 days 21:44:37.000000000
9680,30.330528,-97.777823,2016-07-04 21:50:24,43,0 days 21:50:24.000000000
9681,30.292825,-97.704896,2016-07-04 21:50:41,43,0 days 21:50:41.000000000
9682,30.264235,-97.705707,2016-07-04 21:52:29,43,0 days 21:52:29.000000000
9683,30.276488,-97.761204,2016-07-04 21:56:08,43,0 days 21:56:08.000000000
9684,30.197429,-97.666306,2016-07-04 21:56:38,43,0 days 21:56:38.000000000
9685,30.197429,-97.666306,2016-07-04 21:57:23,43,0 days 21:57:23.000000000
9686,30.277294,-97.761145,2016-07-04 21:57:56,43,0 days 21:57:56.000000000
9687,30.197429,-97.666306,2016-07-04 21:58:27,43,0 days 21:58:27.000000000
9688,30.269124,-97.753179,2016-07-04 21:59:59,43,0 days 21:59:59.000000000
9689,30.264264,-97.746399,2016-07-04 22:00:28,44,0 days 22:00:28.000000000
9690,30.289521,-97.74642,2016-07-04 22:01:33,44,0 days 22:01:33.000000000
9691,30.256079,-97.763509,2016-07-04 22:04:09,44,0 days 22:04:09.000000000
9692,30.246426,-97.750934,2016-07-04 22:06:04,44,0 days 22:06:04.000000000
9693,30.269117,-97.753179,2016-07-04 22:09:37,44,0 days 22:09:37.000000000
9694,30.245136,-97.730034,2016-07-04 22:09:45,44,0 days 22:09:45.000000000
9695,30.273273,-97.75807,2016-07-04 22:10:03,44,0 days 22:10:03.000000000
9696,30.273312,-97.758378,2016-07-04 22:11:54,44,0 days 22:11:54.000000000
9697,30.257454,-97.738671,2016-07-04 22:12:27,44,0 days 22:12:27.000000000
9698,30.26387,-97.728768,2016-07-04 22:13:23,44,0 days 22:13:23.000000000
9699,30.272542,-97.760137,2016-07-04 22:15:22,44,0 days 22:15:22.000000000
9700,30.26463,-97.727979,2016-07-04 22:16:42,44,0 days 22:16:42.000000000
9701,30.312447,-97.741513,2016-07-04 22:19:44,44,0 days 22:19:44.000000000
9702,30.235276,-97.71486,2016-07-04 22:26:12,44,0 days 22:26:12.000000000
9703,30.261997,-97.706286,2016-07-04 22:26:53,44,0 days 22:26:53.000000000
9704,30.279675,-97.740978,2016-07-04 22:27:32,44,0 days 22:27:32.000000000
9705,30.293719,-97.744865,2016-07-04 22:29:05,44,0 days 22:29:05.000000000
9706,30.251794,-97.748856,2016-07-04 22:30:42,44,0 days 22:30:42.000000000
9707,30.202572,-97.667279,2016-07-04 22:30:53,44,0 days 22:30:53.000000000
9708,30.31016,-97.749785,2016-07-04 22:31:31,45,0 days 22:31:31.000000000
9709,30.2411,-97.725883,2016-07-04 22:32:03,45,0 days 22:32:03.000000000
9710,30.269117,-97.753179,2016-07-04 22:32:58,45,0 days 22:32:58.000000000
9711,30.291347,-97.744093,2016-07-04 22:33:44,45,0 days 22:33:44.000000000
9713,30.237989,-97.787065,2016-07-04 22:40:14,45,0 days 22:40:14.000000000
9714,30.295495,-97.776376,2016-07-04 22:43:23,45,0 days 22:43:23.000000000
9715,30.290932,-97.743314,2016-07-04 22:43:55,45,0 days 22:43:55.000000000
9716,30.347526,-97.74823,2016-07-04 22:45:12,45,0 days 22:45:12.000000000
9717,30.347526,-97.74823,2016-07-04 22:45:39,45,0 days 22:45:39.000000000
9718,30.255377,-97.734172,2016-07-04 22:45:57,45,0 days 22:45:57.000000000
9719,30.262831,-97.762017,2016-07-04 22:46:19,45,0 days 22:46:19.000000000
9720,30.347526,-97.74823,2016-07-04 22:47:02,45,0 days 22:47:02.000000000
9721,30.231029,-97.765576,2016-07-04 22:47:36,45,0 days 22:47:36.000000000
9722,30.347526,-97.74823,2016-07-04 22:47:37,45,0 days 22:47:37.000000000
9723,30.347461,-97.748357,2016-07-04 22:48:40,45,0 days 22:48:40.000000000
9724,30.347461,-97.748357,2016-07-04 22:49:28,45,0 days 22:49:28.000000000
9725,30.347461,-97.748357,2016-07-04 22:49:39,45,0 days 22:49:39.000000000
9726,30.347461,-97.748357,2016-07-04 22:51:01,45,0 days 22:51:01.000000000
9727,30.202507,-97.667842,2016-07-04 22:51:34,45,0 days 22:51:34.000000000
9728,30.197429,-97.666306,2016-07-04 22:53:10,45,0 days 22:53:10.000000000
9729,30.238476,-97.740139,2016-07-04 22:53:32,45,0 days 22:53:32.000000000
9730,30.244815,-97.776935,2016-07-04 22:53:36,45,0 days 22:53:36.000000000
9731,30.314588,-97.736128,2016-07-04 22:54:47,45,0 days 22:54:47.000000000
9732,30.293334,-97.741922,2016-07-04 22:56:24,45,0 days 22:56:24.000000000
9733,30.252375,-97.76754,2016-07-04 22:56:56,45,0 days 22:56:56.000000000
9734,30.366847,-97.791774,2016-07-04 23:00:35,46,0 days 23:00:35.000000000
9735,30.229887,-97.765236,2016-07-04 23:04:44,46,0 days 23:04:44.000000000
9736,30.240467,-97.730532,2016-07-04 23:05:28,46,0 days 23:05:28.000000000
9737,30.287836,-97.703436,2016-07-04 23:06:04,46,0 days 23:06:04.000000000
9738,30.229213,-97.766881,2016-07-04 23:06:08,46,0 days 23:06:08.000000000
9739,30.245437,-97.768903,2016-07-04 23:07:57,46,0 days 23:07:57.000000000
9740,30.287777,-97.703561,2016-07-04 23:08:44,46,0 days 23:08:44.000000000
9741,30.236168,-97.710429,2016-07-04 23:10:46,46,0 days 23:10:46.000000000
9742,30.266196,-97.746082,2016-07-04 23:12:34,46,0 days 23:12:34.000000000
9745,30.269725,-97.740835,2016-07-04 23:16:02,46,0 days 23:16:02.000000000
9746,30.295592,-97.74339,2016-07-04 23:16:38,46,0 days 23:16:38.000000000
9747,30.293453,-97.744781,2016-07-04 23:18:38,46,0 days 23:18:38.000000000
9748,30.392356,-97.738298,2016-07-04 23:21:34,46,0 days 23:21:34.000000000
9749,30.252195,-97.748413,2016-07-04 23:25:04,46,0 days 23:25:04.000000000
9750,30.22859,-97.767842,2016-07-04 23:29:51,46,0 days 23:29:51.000000000
9751,30.260519,-97.78637,2016-07-04 23:33:26,47,0 days 23:33:26.000000000
9752,30.380655,-97.753371,2016-07-04 23:34:18,47,0 days 23:34:18.000000000
9753,30.286777,-97.749668,2016-07-04 23:36:50,47,0 days 23:36:50.000000000
9754,30.275729,-97.75876,2016-07-04 23:38:18,47,0 days 23:38:18.000000000
9755,30.283351,-97.746197,2016-07-04 23:39:58,47,0 days 23:39:58.000000000
9756,30.232678,-97.781061,2016-07-04 23:41:31,47,0 days 23:41:31.000000000
9757,30.276873,-97.75372,2016-07-04 23:41:59,47,0 days 23:41:59.000000000
9758,30.24106,-97.730322,2016-07-04 23:45:46,47,0 days 23:45:46.000000000
9759,30.235445,-97.74778,2016-07-04 23:52:43,47,0 days 23:52:43.000000000
9760,30.249295,-97.795131,2016-07-04 23:53:14,47,0 days 23:53:14.000000000
9761,30.264058,-97.76348,2016-07-04 23:55:07,47,0 days 23:55:07.000000000
9762,30.255993,-97.739488,2016-07-04 23:55:18,47,0 days 23:55:18.000000000
9763,30.293611,-97.764305,2016-07-04 23:56:35,47,0 days 23:56:35.000000000
9764,30.243619,-97.724307,2016-07-04 23:57:14,47,0 days 23:57:14.000000000
